1,Nowa nazwa kursu,Maxime consequatur ab animi sapiente nemo nihil. Inventore consequuntur dolor quaerat adipisci. Illum consequuntur sint modi corrupti voluptatem.,Zajęcia dodatkowe,8,836,2023-10-03,2024-10-15,1,22
2,Labore non possimus nobis.,Eos a nisi voluptate amet enim eaque. At tempora fugiat alias doloremque iure repellendus. Nisi praesentium qui.,Diagnostyczny,36,4658,2022-12-09,2024-05-08,0,7
3,Esse expedita deleniti magni.,Quam laudantium maxime ipsum dolor culpa laudantium. Expedita veritatis unde provident culpa impedit tempora. Delectus facilis magni optio.,Inne,60,6609,2023-03-09,2024-08-19,1,6
4,Veritatis ipsum quisquam.,"Voluptates voluptas tenetur consectetur sunt accusamus quas.
Voluptatum aliquid fugiat optio exercitationem. Voluptatum illo quos.",Roczny,54,3754,2022-05-15,2022-09-10,1,5
5,Quos cum minima perferendis.,"Quasi maxime consectetur laboriosam voluptas. Quod deserunt sint quae nemo incidunt.
Fugiat dolorum nobis amet.",Zajęcia dodatkowe,26,4708,2023-01-28,2023-08-21,1,26
6,Cum natus in eligendi.,"Commodi tenetur non asperiores. Officiis dolorem nemo aut. Vero quod quisquam facere officia aliquam.
Earum tempora doloremque ratione unde odit. Eveniet debitis minus laborum modi.",Diagnostyczny,13,1504,2022-06-14,2023-07-23,0,19
7,Hic placeat asperiores ullam.,"Alias ratione ullam laboriosam consequatur optio. Nostrum qui illo officiis totam minima esse eos.
Nemo praesentium veritatis nobis atque sunt assumenda. Rem nesciunt eos veniam commodi inventore.",Inne,50,1046,2021-12-05,2022-11-27,0,8
8,Minus nulla totam ab iste.,Doloribus error dolor quia maxime. Quas eius aperiam vero optio nobis unde. Sint dignissimos corporis tempora dignissimos illo. Vel expedita temporibus fuga ab at officiis.,Inne,13,121,2022-09-12,2023-07-11,1,6
9,Nulla ut et earum odit.,"Nam corporis harum tenetur. Dolorum fuga quae nostrum inventore ab temporibus soluta.
Pariatur quisquam nostrum. Veritatis consequatur vel soluta.",Zajęcia dodatkowe,14,1666,2023-12-03,2024-10-08,1,30
10,Temporibus nam cumque.,"Ut debitis dolor facere dolorem id sit. Ab delectus fuga sint voluptatem. Suscipit ad expedita.
Impedit eum quae reprehenderit laborum ullam rem. Saepe recusandae amet a occaecati sequi.",Roczny,30,1976,2024-07-05,2024-09-15,0,30
11,Nam ut rerum.,Quia veniam eaque ipsam nesciunt. Praesentium asperiores illo labore quidem atque expedita.,Roczny,51,881,2024-10-09,2024-10-12,1,9
12,Nam occaecati ut harum.,Accusamus dicta possimus amet quia dolores amet. Maiores totam sed placeat.,Diagnostyczny,28,127,2022-01-24,2024-09-30,1,5
13,Ipsum et recusandae delectus.,Iure asperiores quam nisi ab corrupti non. Nostrum earum quo nemo atque. Alias labore optio autem.,Inne,7,605,2023-06-28,2024-10-06,0,24
14,Libero iste sit quaerat eum.,Molestiae odio voluptatem doloremque voluptates corrupti molestiae. Totam inventore aut incidunt.,Roczny,43,3823,2022-02-02,2022-08-29,1,18
15,Vel ipsam commodi.,Iure rerum enim voluptate. Voluptas quisquam quod minima fugit dolores ullam. Excepturi repudiandae molestiae perferendis sed repellendus facere.,Diagnostyczny,47,8354,2024-07-20,2024-09-04,1,11
16,Quia facere accusantium esse.,"Animi sapiente cum eaque. Fugit eius sequi impedit ipsa.
Deserunt expedita minima nisi non blanditiis distinctio. Suscipit nemo atque facilis autem repellat. Ut nostrum doloribus dignissimos minus.",Semestralny,38,2418,2024-08-31,2024-09-24,1,18
17,Mollitia ipsum id eos.,Libero corrupti perspiciatis. Aut occaecati tempore nostrum facere. Molestias explicabo laboriosam accusantium nostrum accusamus fugit.,Diagnostyczny,58,6625,2022-06-25,2022-11-16,0,19
18,Numquam totam qui.,Architecto vitae quo atque perspiciatis. Asperiores adipisci explicabo aut molestias. Doloremque illo dignissimos a impedit. Expedita necessitatibus cupiditate tenetur.,Diagnostyczny,38,1682,2022-03-10,2024-10-06,0,23
19,Dicta odio aliquam eius unde.,Corrupti magnam laboriosam. Doloremque libero autem voluptas. Nihil aperiam tempore voluptate sequi.,Inne,56,5161,2023-01-09,2023-01-26,0,17
20,Esse ab corporis.,Placeat et totam maiores necessitatibus perspiciatis. Soluta laudantium ab earum. Totam quae aspernatur nostrum nobis labore.,Zajęcia dodatkowe,6,572,2024-07-18,2024-09-16,0,27
21,Animi vitae beatae.,"Quis modi quam. Minima amet eos error adipisci cumque laudantium. Ipsam molestiae ullam dolore.
Fugiat totam exercitationem voluptas incidunt vel. Itaque vero consequuntur odio.",Zajęcia dodatkowe,52,2922,2024-02-24,2024-04-10,1,11
22,Molestias voluptas dolores.,"Sed recusandae quo provident atque distinctio labore.
Sapiente nostrum reiciendis saepe assumenda explicabo cumque. Odit maxime voluptatibus. Iste corrupti corrupti eaque tempora maxime.",Semestralny,27,1060,2023-03-09,2024-05-15,0,15
23,Atque quibusdam consequuntur.,"Quos nesciunt excepturi perferendis occaecati assumenda quasi. Nisi sed doloribus explicabo earum amet fugiat.
Ex cumque nostrum sint nihil. Tenetur tenetur vitae facere molestias ipsa quos.",Roczny,51,906,2023-09-15,2024-02-18,1,9
24,Soluta consectetur repellat.,Quibusdam illo reiciendis voluptate sit alias iure ipsa. Magni eos minima perspiciatis.,Zajęcia dodatkowe,30,1011,2023-09-27,2023-11-19,0,27
25,Nisi id provident numquam.,Libero harum cumque deserunt repellat. Porro facilis est tempora incidunt nesciunt dignissimos.,Semestralny,4,66,2023-04-15,2024-03-13,1,28
26,Ab nostrum neque.,"Quae molestias nisi officia similique temporibus. Ducimus expedita aspernatur. Optio nihil tenetur at vero.
Molestiae ab fugiat beatae. Earum nobis veniam eum.",Roczny,48,4358,2021-12-02,2024-09-10,1,28
27,Ab esse dicta facere nobis.,Accusantium perspiciatis officia occaecati optio nam. Exercitationem possimus veniam sunt inventore. Unde saepe ab ipsa vero vero at. Recusandae magnam expedita a maiores omnis dolore.,Semestralny,19,999,2022-01-29,2022-04-09,1,11
28,Dolores magni quos.,Debitis repudiandae quod quos eaque magni repellendus illum. Vel facilis earum voluptates aspernatur non.,Zajęcia dodatkowe,41,8013,2022-01-10,2022-02-16,1,29
29,Cumque ab quia.,"Eaque id unde nam exercitationem. Nostrum illo voluptatibus. Quae sint unde cum molestiae voluptatem.
Libero earum accusamus ut non perferendis.
Commodi cumque quasi necessitatibus.",Inne,57,2778,2023-01-03,2024-05-26,1,26
30,Ipsam ad non provident.,"Accusantium reiciendis neque sit ullam. Eius id asperiores odit.
Dignissimos vero quam.
Inventore nihil earum rem recusandae quas cumque. Harum saepe maiores temporibus aperiam.",Semestralny,47,8298,2024-02-09,2024-06-07,0,12
31,Velit illo in voluptas.,"Adipisci eius officia. Ab illum laudantium nemo.
Sit quas et quos nihil magnam soluta. Inventore aut cumque totam modi officiis explicabo.",Zajęcia dodatkowe,22,1031,2022-06-01,2024-10-09,1,6
32,Ex dolore consequuntur.,"Voluptas minima amet illum cum. Dolore ipsum corporis at.
Adipisci excepturi corrupti cupiditate itaque iste ratione. Aut quia ut voluptates. Similique atque explicabo nemo iusto id ut provident.",Inne,49,5307,2023-11-07,2024-03-12,0,10
33,Velit quam debitis nostrum.,Labore error ullam debitis eveniet voluptatem unde excepturi. Velit exercitationem quis harum. Quam dolores ad.,Semestralny,60,11172,2023-01-21,2023-05-21,0,10
34,Provident nam consectetur.,Quis tempora iusto blanditiis aliquam architecto. Sunt totam ipsa blanditiis ipsam possimus tempora.,Inne,27,3247,2022-08-26,2024-09-08,0,5
35,Amet sequi adipisci culpa.,Eos id reiciendis vel dolorum corrupti quidem minima. Aspernatur voluptate corrupti nihil minus cum quae soluta.,Inne,6,849,2021-12-05,2022-03-19,0,5
36,Magnam velit dicta quis.,Cumque aut exercitationem sequi voluptate laudantium. Nihil eum earum aliquam sit ea enim. Ea deserunt repellendus quis nulla hic.,Inne,34,3589,2022-02-23,2023-08-21,1,11
37,Ut velit vero.,Doloribus ducimus omnis reiciendis praesentium. Reprehenderit quod aliquid laudantium fugit laudantium veniam.,Semestralny,17,280,2023-05-22,2024-10-26,1,8
38,Cum tempore nemo eos at.,Quo occaecati reprehenderit. Numquam dolorem saepe. Tempora quos sunt voluptate esse aut libero minima. Laudantium officiis quia illum reprehenderit nobis beatae delectus.,Roczny,44,4221,2023-10-25,2024-04-29,1,14
39,Officiis excepturi dicta qui.,Rem reiciendis fugiat facilis. Aperiam fuga asperiores voluptatibus eos natus aliquid voluptatibus.,Diagnostyczny,53,9065,2022-10-29,2024-08-11,1,30
40,Sint optio aperiam sapiente.,Hic cumque error amet esse blanditiis culpa corrupti. Quidem neque quaerat dolorum a rerum blanditiis fuga.,Zajęcia dodatkowe,49,4239,2022-12-08,2024-07-25,0,19
41,Illum laudantium fugit.,"Ipsum numquam nemo quisquam dignissimos laboriosam atque. Dolores sunt magnam earum. Porro eum explicabo accusantium.
Voluptas iste veniam. Aut fuga minus sint.",Roczny,55,1282,2022-12-27,2024-03-08,0,26
42,Odio dicta magnam.,Ex similique quasi praesentium iusto soluta. Dolor expedita fugiat.,Diagnostyczny,35,510,2023-07-27,2023-08-21,1,17
43,Quas excepturi ad eum.,"Iusto alias aspernatur voluptatem eius. Cumque corporis atque porro iusto deserunt corporis.
Ex voluptate cumque vel reiciendis beatae. Eligendi quibusdam qui dolorem assumenda tenetur.",Diagnostyczny,9,1343,2024-07-22,2024-10-17,1,8
44,Sequi ab harum.,"Voluptatibus voluptatibus amet ut atque. Dolorem ab debitis magnam temporibus.
Repellat expedita nostrum architecto debitis aliquam. Corporis nemo natus voluptatem nisi cupiditate provident.",Semestralny,25,645,2022-07-19,2024-02-09,1,6
45,Quidem tempore id suscipit.,Amet culpa esse sunt odit quisquam accusantium. Eos reprehenderit modi sed sed aspernatur.,Inne,42,5401,2024-10-18,2024-10-19,1,10
46,Suscipit nam cumque eaque ex.,Ad sint nihil odit qui inventore. Perferendis eveniet culpa error quidem consequuntur. Aut doloremque qui id beatae cum.,Zajęcia dodatkowe,16,169,2022-03-23,2022-04-24,0,11
47,Vel quod ducimus.,Sunt commodi aperiam quia ab quae possimus expedita. Ducimus corporis harum maxime id deserunt sit quaerat.,Semestralny,52,5673,2023-09-05,2024-06-17,0,11
48,Quae quasi nobis.,"Qui soluta cum vel rem debitis fuga error. Quidem cum aliquam beatae. Culpa delectus unde maiores.
Tenetur minus nobis ab voluptas. At impedit dignissimos minima occaecati.",Diagnostyczny,43,2156,2022-04-18,2024-09-13,1,22
49,Iusto et non ducimus.,Pariatur a pariatur quo soluta. Quam iste sunt veritatis corporis. Perspiciatis voluptate consectetur consectetur sit dignissimos.,Diagnostyczny,50,6991,2024-01-07,2024-09-29,1,27
50,Id odio illo.,Voluptatum ipsam aperiam quia placeat veniam ut. Vel voluptates vitae delectus. Possimus aspernatur neque.,Zajęcia dodatkowe,55,8531,2022-10-07,2023-07-06,1,7
51,Sequi id neque sit veniam.,Laboriosam aperiam quaerat velit explicabo ipsa. Aut ab placeat modi sapiente. Quo sapiente quisquam quibusdam amet maiores laudantium. Similique quasi dignissimos nulla.,Diagnostyczny,52,2838,2023-03-31,2024-01-08,1,10
52,Dolore officia ab.,Fugit eos provident repellat expedita nobis quo. Aliquam sed temporibus sint. Maxime atque cumque delectus.,Semestralny,25,3112,2022-07-13,2024-03-15,1,19
53,Iste ratione nam nobis.,"Accusantium quaerat a sed odit amet. Harum laborum itaque asperiores. Quidem numquam suscipit quos quia sit maxime.
Labore nihil praesentium fuga. Error impedit error in itaque.",Roczny,9,41,2023-10-17,2024-09-30,0,14
54,Ex occaecati quam beatae.,"At cupiditate quia dicta. Nesciunt dicta voluptatum facilis error.
Minus perspiciatis nostrum quae eos. Dolores necessitatibus nisi at. Deserunt quibusdam excepturi.",Roczny,59,1689,2022-04-19,2022-10-19,0,12
55,Minima inventore amet est.,Autem perspiciatis harum dolorem consequatur. Harum inventore reprehenderit illo quae illum. Eos et ipsam voluptates.,Inne,32,6285,2022-11-07,2023-10-01,1,7
56,Explicabo facilis voluptatum.,Ratione et laudantium ipsum perspiciatis iure. Qui consequatur nemo deserunt quaerat.,Semestralny,4,33,2023-03-06,2023-08-05,1,12
57,Modi fugiat nostrum voluptas.,Eius expedita velit tenetur aut quis laudantium. Voluptatem sapiente dicta et optio esse debitis dolores. Ad expedita reiciendis porro autem corrupti quaerat.,Roczny,40,407,2023-08-25,2024-03-06,0,10
58,Maxime occaecati vitae.,"Velit esse voluptate cumque sed enim beatae. Quidem quasi voluptatem modi tenetur ex.
Maiores aliquam quis odio unde repellendus numquam. Nisi quaerat molestias doloremque. Soluta quam rem deleniti.",Zajęcia dodatkowe,49,6570,2022-11-02,2024-09-10,1,19
59,Officia consequuntur magnam.,"Dolor aliquam eveniet. Architecto doloribus deleniti cumque iusto quis. Molestias iure mollitia totam voluptate.
Fuga facere sed accusantium. Inventore asperiores autem impedit excepturi nihil rerum.",Semestralny,60,10285,2024-10-08,2024-10-24,1,22
60,Animi sed similique nihil.,"Cum debitis esse nam ipsa esse eos. Porro incidunt velit optio debitis ex.
Reprehenderit unde quisquam. Consectetur nihil animi tempore iusto distinctio error. Fuga quod et nobis.",Diagnostyczny,31,3332,2024-05-06,2024-07-02,1,13
61,Iste dicta quis eveniet eius.,Aliquid ex qui molestias. Similique asperiores voluptas ab. Aut aliquam ea corporis blanditiis.,Diagnostyczny,33,3265,2022-08-07,2022-12-12,1,17
62,Aliquid necessitatibus neque.,Doloribus omnis deserunt pariatur unde. Quos animi nam sed. Minus error ullam voluptatibus sed perferendis nisi.,Zajęcia dodatkowe,9,763,2022-03-15,2023-08-03,0,24
63,Veniam cum quos dicta.,Optio officiis neque architecto vel. Eos cumque soluta quos dolore. Eaque exercitationem nihil doloribus distinctio culpa.,Diagnostyczny,17,19,2023-03-21,2023-10-14,0,15
64,Nihil iusto cum magni vitae.,Animi voluptate at. Incidunt sequi incidunt nobis.,Semestralny,57,1216,2024-03-18,2024-06-19,0,6
65,Fugiat unde sed dolores.,Laborum similique excepturi sit qui nam sed nulla. Quo impedit optio voluptatibus unde. Eos error assumenda sint.,Semestralny,24,1097,2024-06-01,2024-07-07,0,15
66,Magnam iste incidunt.,Pariatur itaque possimus numquam praesentium accusantium. Animi eius unde cupiditate culpa voluptatem eligendi. Perspiciatis tenetur libero vero ea deserunt esse.,Diagnostyczny,11,1208,2023-03-04,2024-02-15,1,18
67,Nemo laboriosam excepturi.,Impedit optio in delectus explicabo. Deleniti aliquid consectetur aspernatur.,Roczny,60,6375,2023-04-25,2024-03-07,1,20
68,Atque illum iusto.,"Consequatur tempore animi debitis. Ratione atque ducimus nesciunt dolorem.
Voluptas veniam nesciunt. Illum inventore sunt culpa incidunt repellendus.",Semestralny,59,885,2023-08-12,2023-11-09,0,8
69,Vero maxime odit iure.,Facilis a rem nesciunt. Molestias officia reiciendis maiores facilis repellat. Sunt qui recusandae libero vitae ullam reprehenderit.,Roczny,13,265,2023-12-15,2024-05-20,1,6
70,Blanditiis itaque debitis.,Reprehenderit maxime quidem sint sint esse dolorem recusandae. Ullam ducimus qui debitis voluptates nobis. Vel sint sapiente dolorum eaque optio nam.,Diagnostyczny,57,2125,2022-06-19,2022-08-15,0,28
71,Quae perferendis sit a.,Tenetur facere doloribus. Porro corporis adipisci officia molestias non.,Semestralny,36,3699,2023-05-13,2024-08-20,0,21
72,Possimus minus cupiditate.,"Nostrum expedita perferendis odit ipsa eius saepe. Nulla ea alias suscipit quibusdam.
Veniam doloribus ipsa maiores numquam. Sit autem rem nobis officiis.",Roczny,38,6785,2022-05-25,2023-03-15,1,6
73,Optio aliquam consequatur.,Et dolores suscipit iure. Eius a ratione atque ducimus dolor porro. Aliquam dignissimos officiis a. Ut odio pariatur qui ut.,Diagnostyczny,5,592,2024-01-28,2024-02-17,0,16
74,Consectetur modi facere unde.,Soluta ratione nostrum reiciendis dolor quod eaque. Nihil officiis repellendus dignissimos ab impedit. Illo officiis error dicta.,Zajęcia dodatkowe,33,315,2023-09-06,2024-10-28,1,23
75,Aspernatur similique beatae.,"Nesciunt odit quis eligendi. Atque laborum consequatur accusamus odio.
Rerum expedita quod deleniti a. Laboriosam quae qui praesentium consequatur voluptatum.",Roczny,16,864,2022-05-27,2023-11-15,0,21
76,Est molestias molestiae odio.,"Similique unde sunt nisi sapiente asperiores sed.
Placeat optio neque a voluptate.
Explicabo veniam similique tenetur perspiciatis labore ipsa.",Zajęcia dodatkowe,32,1924,2023-04-21,2024-09-13,1,8
77,Sit nemo quia ipsam.,"Odit excepturi quod. Reiciendis placeat aliquid suscipit maxime non. Tempora possimus quas maxime.
Perspiciatis dicta distinctio. Exercitationem saepe voluptatum nam iusto libero deserunt.",Zajęcia dodatkowe,9,1074,2023-03-31,2024-01-01,0,24
78,Velit numquam optio eius.,"Nulla sint deserunt. Maiores quaerat quas veniam quam nisi.
Quia cupiditate occaecati natus. Eum praesentium dolore labore. Placeat atque hic expedita culpa dolorem sit.",Roczny,2,379,2022-10-20,2023-04-21,1,21
79,Iste repellat ut.,"Commodi aspernatur ut. Amet dolorem necessitatibus dicta.
Aspernatur praesentium maiores porro soluta culpa. Id ullam aperiam laboriosam ab repellat.",Zajęcia dodatkowe,36,4877,2022-06-10,2023-07-14,0,10
80,Quas officiis reiciendis.,Odio sed beatae culpa maiores quasi occaecati. Vitae consectetur cum iste esse aperiam culpa architecto.,Zajęcia dodatkowe,43,564,2023-03-07,2023-10-22,1,28
81,Culpa eaque dolor.,Voluptatibus modi vero modi. Deleniti possimus atque recusandae. Necessitatibus accusantium laboriosam error laudantium amet.,Semestralny,2,12,2022-06-10,2023-11-10,0,25
82,Enim nobis unde in quibusdam.,Necessitatibus sequi est enim in autem. Aspernatur occaecati voluptatibus quae accusamus.,Zajęcia dodatkowe,60,11312,2022-06-30,2024-06-15,0,29
83,Facere aperiam nemo veniam.,Officia exercitationem quaerat voluptas perspiciatis. Enim asperiores est impedit saepe adipisci.,Diagnostyczny,55,10291,2024-03-03,2024-06-06,1,21
84,Voluptatibus officia id eos.,"Numquam dolorum perferendis vel sequi eum repellendus. Sapiente id nam culpa. Deserunt nam impedit ea voluptate.
Blanditiis impedit natus adipisci deserunt quo.",Roczny,4,517,2022-11-08,2024-05-16,1,13
85,Eos veniam asperiores alias.,"Aspernatur at odit hic cupiditate enim. Libero earum vitae placeat.
Est occaecati occaecati inventore quaerat vero consectetur. Laborum libero inventore exercitationem at expedita laborum.",Roczny,13,667,2023-11-29,2024-09-22,1,8
86,Fugiat aut veritatis iusto.,"Odio assumenda eos ab. Odio harum deleniti cum earum minima.
Odit odio provident quod aliquam aspernatur asperiores.",Diagnostyczny,29,4597,2023-10-01,2024-04-17,1,9
87,Ex voluptatem sunt velit.,Sapiente nihil ea suscipit debitis. Sunt dolores aliquid rerum iste natus voluptatem numquam.,Inne,31,2240,2024-07-13,2024-09-01,1,23
88,Esse deleniti quasi.,Dolore ratione sunt fuga. Nihil quos cumque quos nihil iste voluptatem.,Roczny,18,1262,2023-12-08,2024-05-25,1,8
89,Illum placeat sit ex.,"Consectetur praesentium at fugiat sequi. Mollitia quasi mollitia libero maiores dicta ea.
Atque quidem asperiores velit voluptatibus ipsam. Dolorum autem odit.",Diagnostyczny,59,812,2022-01-16,2023-06-19,0,19
90,Fuga commodi suscipit.,Aliquid voluptatum aspernatur ut ab sequi tempora. Accusamus nostrum amet modi quisquam consequuntur. Praesentium omnis unde alias.,Diagnostyczny,57,8924,2023-02-09,2023-07-07,1,9
91,Natus aperiam nesciunt totam.,"Vero aliquid nisi quam. Commodi explicabo dolorem corrupti aspernatur. Commodi illo debitis ex labore voluptas.
Quasi voluptatum molestias excepturi hic sint cumque. Saepe unde fugit dolorem.",Roczny,11,913,2023-08-18,2024-10-01,1,30
92,Velit impedit minima.,Optio ex modi ex veritatis recusandae deserunt.,Roczny,2,392,2024-06-17,2024-07-24,0,18
93,Nulla cumque totam quis.,"Soluta et dolorem provident et eos. Quod aspernatur repudiandae optio sequi. Velit ex eos.
Ad culpa cupiditate ea aut. Sunt ad repudiandae officiis animi.",Inne,36,848,2023-10-22,2024-06-14,1,25
94,Nemo maiores laudantium vel.,"Officia voluptatem cum exercitationem fuga. Tempora assumenda nisi illo itaque.
Animi laudantium quasi quidem odit magnam occaecati. Quo odit impedit recusandae consectetur reprehenderit qui omnis.",Zajęcia dodatkowe,20,2637,2021-11-18,2024-09-15,0,12
95,Ut inventore dolores culpa.,"Soluta perspiciatis praesentium facere vel. Praesentium aliquid ut quam cum in.
Quae maiores soluta aperiam sint. Rem repellat nemo quaerat quam praesentium vero.",Zajęcia dodatkowe,56,11177,2022-10-02,2023-10-16,1,9
96,Quod dicta ab sequi.,"Voluptatibus aliquam eligendi optio sint. Sed perferendis fugiat iusto.
Minima excepturi hic nobis aut error. Iste qui tenetur sunt.",Semestralny,3,396,2022-05-28,2022-08-29,0,23
97,Ab ipsa sapiente at.,Officiis odio totam rem officiis esse perferendis exercitationem. Quisquam asperiores saepe quod. Delectus exercitationem amet voluptas accusamus placeat.,Inne,25,4796,2023-03-18,2023-08-05,1,11
98,Ad repellendus id.,"Possimus nisi consequuntur ullam. Odit nam occaecati optio vero debitis non.
Placeat eaque inventore voluptate adipisci modi. Porro animi corrupti est facere. Eaque qui illum cum ipsa.",Semestralny,3,473,2023-12-07,2024-04-05,1,16
99,Iusto occaecati debitis.,Voluptatum dolore soluta. Cupiditate nam ut nihil consequuntur praesentium autem.,Semestralny,24,3455,2022-09-06,2024-07-26,0,28
100,Similique natus tempora eos.,"Repellendus dolor recusandae quis eveniet odit accusamus.
Ab officia molestias vero a. Impedit quod architecto. Impedit repellat expedita esse expedita laboriosam sapiente.",Zajęcia dodatkowe,12,383,2023-11-08,2024-08-09,0,25
101,Dolorum consequuntur minima.,"Nemo maxime eius molestias itaque. Quia dolores alias occaecati. Doloremque ipsam unde error ab quis est. Laboriosam alias provident dolore reprehenderit quasi.
Quod eos sint minus asperiores.",Roczny,5,741,2022-01-16,2023-05-27,0,10
102,Dolores quod et est error.,Ullam impedit dolore. Maxime sequi et qui sapiente molestiae. Totam corporis excepturi iste quo.,Semestralny,14,920,2024-02-19,2024-10-02,1,9
103,Fugit veniam qui corporis.,Numquam facilis atque soluta illum. Soluta architecto quis officia labore reprehenderit tenetur. Magni necessitatibus totam adipisci.,Zajęcia dodatkowe,37,678,2022-03-21,2022-06-22,1,24
104,Et quasi itaque repudiandae.,"Reiciendis velit expedita quia ipsum repudiandae.
Nesciunt libero sit architecto optio possimus quo perferendis. Commodi laborum harum dolore iure. Similique repellat ea aspernatur.",Roczny,53,9159,2022-12-04,2023-06-11,0,30
105,Deleniti id neque eos.,Ipsum fugiat sit et. Non dolores perferendis quis laborum eos voluptas atque. Vitae similique dolores nesciunt velit nesciunt.,Zajęcia dodatkowe,3,87,2024-04-16,2024-09-27,1,11
106,Molestias aliquid ad amet.,Consequatur quae error error fuga qui ea. Laboriosam pariatur dolores nesciunt.,Zajęcia dodatkowe,46,6062,2023-02-27,2024-10-25,1,18
107,A eum quos a.,"Quasi facere dolorum explicabo alias temporibus occaecati. Soluta atque quod placeat. Nisi maiores consectetur iure ex.
Pariatur quam tenetur cum.",Zajęcia dodatkowe,48,8610,2023-09-29,2024-04-20,0,16
108,Quisquam soluta in nihil.,Iusto aliquam totam dignissimos consectetur libero. Impedit necessitatibus fuga iste est dolorum cumque.,Zajęcia dodatkowe,5,907,2021-11-20,2023-07-03,0,9
109,Aut culpa quo magnam.,Vel unde consectetur reprehenderit dolorum eligendi nisi. Corrupti nesciunt ea eum. Similique accusamus quas asperiores quo optio ipsum.,Inne,49,3512,2023-08-14,2023-12-27,1,29
110,Facere doloremque vel.,"Consequuntur facere harum omnis.
Ad sit libero ipsum. In ut quod vitae maxime libero illum. Culpa suscipit quaerat cumque eos iure.",Inne,24,3244,2022-02-26,2024-06-19,0,11
111,Nobis ipsum libero ea.,"Error dicta qui esse corrupti ab perspiciatis. Accusamus veritatis tenetur repudiandae itaque explicabo similique.
Libero eveniet neque ipsam error excepturi. Odio nesciunt modi distinctio.",Roczny,43,2385,2024-10-23,2024-10-24,0,29
112,Sapiente ipsum sequi quae.,Asperiores corrupti inventore quisquam odio saepe illum. Labore voluptate saepe provident officiis quidem sed earum.,Inne,32,5309,2022-05-24,2024-09-12,1,26
113,Quidem quam est iste.,"Eos officiis ab doloremque. Tempora voluptas amet eos architecto quia explicabo. Deleniti debitis in reiciendis quos aliquid molestias.
Fuga eum labore.",Zajęcia dodatkowe,51,9569,2022-11-14,2023-07-16,0,11
114,Aut deserunt facere.,Similique quia rem eligendi qui fugiat vitae hic. Placeat voluptatum saepe nam quo autem. Vitae eum iure sequi dolorum.,Inne,7,408,2023-01-24,2023-02-21,1,5
115,Possimus neque incidunt ut.,Commodi nisi dolorem corporis tempore impedit. Dicta ut doloremque voluptates consectetur aliquam.,Inne,46,9030,2024-09-11,2024-10-19,1,21
116,Nihil ratione ratione.,Laboriosam sed ex libero cupiditate qui dolores. Ratione veniam illo aut officia.,Diagnostyczny,60,1250,2021-11-30,2024-09-24,0,13
117,Laborum minus animi iusto.,"Tempore a nam. Placeat excepturi sint soluta voluptates.
Sequi ratione ea facilis voluptatum cum. Odio quas officiis labore pariatur alias.",Inne,52,1477,2022-04-24,2022-11-11,1,9
118,Voluptatem rem laboriosam.,"Odit accusamus commodi magni voluptatibus ipsam quia. Fugiat architecto maiores expedita assumenda possimus. Maiores incidunt ea modi.
Commodi eaque veritatis. Nulla provident alias atque.",Roczny,19,2898,2024-09-12,2024-10-26,0,16
119,Alias rerum ab qui.,"Eum nisi eius voluptatem saepe neque fuga tempore. Incidunt laborum illo odit totam.
Asperiores quasi eos quo eveniet inventore.",Semestralny,5,751,2023-06-09,2024-03-11,0,29
120,Quo beatae quis.,"Aliquam quis architecto praesentium culpa reiciendis. Ab nostrum perferendis repellendus doloribus corrupti.
Minus explicabo consectetur quos minus voluptas nisi.",Roczny,6,36,2022-06-06,2023-02-23,1,21
121,Aliquam eum quo.,Dolore velit ex tenetur. Quo quia quibusdam quisquam voluptas voluptatum. Perferendis aliquid tempora suscipit libero ipsum.,Roczny,55,10248,2022-08-01,2024-07-09,0,9
122,Saepe nemo minus illo iusto.,Suscipit itaque laudantium iusto. Eius quibusdam mollitia asperiores voluptatum praesentium et deserunt. Aperiam neque ipsam blanditiis. Quidem saepe provident recusandae beatae magnam quidem.,Semestralny,5,522,2022-08-13,2024-03-04,0,18
123,Accusantium voluptates non.,"Repudiandae perferendis fuga accusamus autem non velit. Aspernatur quo nihil voluptatibus nulla.
Iure magni voluptates possimus pariatur. Consequuntur tempore alias minus quae impedit.",Inne,34,747,2024-05-10,2024-08-22,0,17
124,Quae numquam ut doloribus.,"Iste consequatur illo labore nostrum. Illum sed quidem qui quaerat odio. Vero minus enim doloremque quasi.
Veritatis natus ducimus cumque. Atque inventore earum sunt est.",Diagnostyczny,39,4956,2023-11-23,2023-12-23,1,13
125,Corporis labore dolorem.,Praesentium explicabo commodi accusamus at. Commodi fugiat saepe hic accusamus suscipit provident.,Zajęcia dodatkowe,50,297,2023-02-26,2023-03-26,1,12
126,Rem unde tempore non nostrum.,"Corrupti ducimus ducimus accusantium.
Iure hic officia voluptates dolore. Facere vero omnis iure quo esse illum. Cupiditate impedit adipisci quo.",Inne,26,909,2022-03-11,2024-04-12,1,10
127,Minus dolorum inventore id.,Mollitia tenetur aut ea molestiae cupiditate. Incidunt assumenda qui consectetur. Nobis eligendi cum velit perspiciatis ea minima.,Inne,59,2570,2022-03-29,2022-11-05,1,22
128,Nobis et magnam quod.,Cumque maiores doloremque eos laboriosam voluptatem adipisci labore. Praesentium nam optio tenetur nesciunt amet incidunt modi.,Inne,16,2836,2023-11-03,2024-02-19,1,17
129,Ea illo voluptatum officiis.,Tempora illo consequatur eos ut. Aut totam veniam dolore.,Semestralny,12,910,2022-09-17,2024-09-29,1,22
130,Ipsa ea minima pariatur.,Eaque eius nesciunt quas error quis. Minus ut sint reprehenderit aliquam. Ipsa voluptatibus labore sunt.,Inne,9,875,2024-01-23,2024-09-16,1,27
131,Vero dolores illum veritatis.,Quisquam repudiandae iste sequi molestiae eum. Doloremque ab odio. Perspiciatis aspernatur veritatis praesentium incidunt odit quibusdam sed.,Diagnostyczny,20,3247,2024-07-26,2024-10-18,0,5
132,Eius cum veniam dicta.,"Numquam beatae animi cum enim placeat consectetur. Quisquam illo culpa.
Velit iste maiores aperiam laboriosam nisi sint. Perspiciatis eius dicta.",Diagnostyczny,57,9928,2022-04-18,2023-04-16,1,15
133,Id quo aspernatur.,Itaque dolorem perferendis atque. Quod ut facere veniam. Natus nemo nulla itaque quisquam accusantium nemo. Ullam aspernatur officia provident recusandae.,Diagnostyczny,55,7887,2024-05-09,2024-07-27,1,12
134,Adipisci dicta nisi eum.,"Officiis quam consectetur consequuntur.
Laborum sapiente libero ab harum itaque. Deserunt praesentium nemo minus animi hic alias. Magnam itaque aspernatur itaque voluptates eveniet explicabo minima.",Roczny,11,79,2024-02-23,2024-06-18,0,19
135,Itaque rem rerum et quas.,Atque ipsam iusto provident accusamus. Laudantium blanditiis ex dicta totam quod. Quidem rem iusto cupiditate.,Inne,18,120,2022-08-31,2024-02-25,1,12
136,Eum voluptatibus tempora.,"Placeat architecto aperiam. Dolor fugit autem eum sunt. Mollitia et deserunt reprehenderit at error consectetur.
Ea rem impedit repellat nulla corporis. Asperiores sed delectus error.",Semestralny,26,525,2024-10-20,2024-10-28,0,15
137,Fugit at atque maiores.,"Aliquid necessitatibus aperiam in. Cum vero fuga culpa commodi.
Harum nulla labore. Porro veritatis qui magni.",Zajęcia dodatkowe,39,3825,2022-04-28,2024-08-29,1,5
138,Nesciunt repudiandae cum.,"Cum eius distinctio corporis officiis.
Ea cupiditate unde rem. Accusantium reprehenderit fugiat possimus iusto est eveniet vel. Nisi ea voluptatem dolor quos iure amet.",Zajęcia dodatkowe,20,2997,2023-05-05,2024-02-16,0,8
139,Odit quidem est hic id ullam.,Rerum quo delectus maxime. Voluptatem maxime deserunt provident blanditiis eligendi. Cupiditate neque enim iste tempore commodi perspiciatis doloremque.,Semestralny,26,1869,2024-07-23,2024-08-23,1,9
140,Blanditiis at eum.,"Atque at harum vel. Provident harum ea quod.
Ullam nostrum saepe aut quidem. Ratione quae harum iure ut. Ipsa pariatur molestias accusantium.",Zajęcia dodatkowe,26,2342,2022-06-15,2022-07-03,1,9
141,Sit eveniet nobis ad maxime.,"Fuga reprehenderit asperiores ipsa voluptate.
Dicta cum non voluptatem dicta. Iste sequi architecto numquam dolorum.
Ipsa cum ab aliquid nostrum. Nam illum similique quod.",Inne,14,1116,2022-02-05,2022-11-24,0,17
142,Unde accusantium odit vitae.,Facere nobis facere aspernatur ab nesciunt molestias. Quia repellat voluptas architecto soluta ipsam nesciunt. Blanditiis facilis laudantium.,Inne,42,4258,2021-11-30,2023-03-09,1,28
143,Placeat id quia occaecati.,"Assumenda odit magni totam optio assumenda iste. Mollitia enim vitae dolores esse dolorum.
Consequatur inventore neque quod rem dolores ipsa tempora. Id fugiat iusto recusandae.",Inne,52,2943,2024-05-03,2024-10-24,1,26
144,Sequi tenetur nostrum beatae.,"Consequuntur illo minima fugiat laborum.
Iure placeat amet nobis ducimus id. Nisi praesentium necessitatibus quae eveniet nostrum et.",Diagnostyczny,8,691,2023-03-29,2024-09-07,0,17
145,Nostrum quis itaque eum.,Pariatur dolore omnis provident. Reprehenderit tempore vero fugit eos.,Roczny,59,4892,2024-01-16,2024-03-31,0,8
146,Nemo nobis nam.,Vel excepturi minus ducimus. Unde recusandae eveniet laudantium illum consequatur laboriosam tempore. Iure eos quas enim ipsam quisquam iusto. Ut asperiores deserunt fugiat quisquam alias.,Diagnostyczny,10,1012,2024-05-08,2024-06-19,1,12
147,Voluptates id consequuntur.,Voluptatum non similique. Qui voluptatibus recusandae nemo quaerat esse.,Inne,14,2301,2024-04-14,2024-05-22,0,24
148,Modi quam illo.,"Aliquid quaerat alias doloremque. Cumque dolor consectetur voluptates.
Eveniet beatae accusantium. Odit asperiores voluptate esse iusto. Debitis sint repellat libero pariatur impedit.",Diagnostyczny,53,6035,2023-04-17,2023-09-19,0,20
149,Animi molestiae dicta magni.,"Reiciendis quod placeat. Earum nemo sequi voluptate dolorem magni libero. Excepturi vel hic iure voluptatem.
Pariatur nobis soluta tempora asperiores. Et adipisci corrupti.",Zajęcia dodatkowe,19,1773,2022-02-27,2024-10-26,1,6
150,Aspernatur itaque velit.,"Odio minima doloremque impedit. Cupiditate ullam velit at. Molestiae deserunt quibusdam magnam repellat debitis.
Ab minus ad nostrum totam laborum. Eveniet officia quasi.",Inne,17,1700,2023-05-09,2023-10-10,0,15
151,Saepe quis eveniet quos.,"Accusamus explicabo provident quos. Dolore exercitationem aliquam numquam labore placeat. Omnis rem velit.
Saepe ipsum perferendis ad accusamus est blanditiis placeat.",Semestralny,2,346,2023-08-09,2024-08-13,1,20
152,Ipsum vero dolores maxime.,"Itaque doloribus suscipit sint ipsum. Asperiores magnam perferendis itaque. Quidem minima tenetur id.
Sapiente doloribus laboriosam necessitatibus. Placeat odit autem ea deleniti.",Roczny,16,406,2024-06-09,2024-10-10,1,5
153,Voluptate unde illo.,"Incidunt ut eaque. Nisi nobis earum adipisci.
Ullam mollitia quaerat a temporibus. Illum natus dignissimos id. Dolore tempora ad tenetur.
Molestias ipsam ipsa eveniet molestiae doloremque.",Semestralny,60,3772,2023-01-15,2023-11-08,1,7
154,Amet vitae id iure aliquam.,Soluta provident ipsam commodi odio quis quos deleniti. Ipsa quia ullam repellendus. Quo voluptas tempore beatae nihil error saepe.,Semestralny,8,1515,2023-11-09,2024-06-21,1,6
155,Repellendus cum adipisci.,Placeat sunt quibusdam atque eius doloremque dignissimos. Tenetur ducimus dolores maxime eaque non. Aperiam repudiandae distinctio consequuntur.,Roczny,9,1531,2022-03-05,2022-10-15,1,18
156,Autem sapiente dignissimos.,"Totam sint ipsam officiis ad. Quam earum dolor eius ipsum porro impedit.
Impedit optio quo numquam vero eligendi. Quasi deserunt possimus veniam officia.",Diagnostyczny,37,2160,2024-06-28,2024-07-09,0,20
157,Sequi quos quo unde optio.,"Modi cum exercitationem nesciunt nulla quidem. Ex odio ut ipsa numquam eaque culpa.
Quas minus harum quidem. Rerum asperiores sit quod earum.",Diagnostyczny,8,64,2024-07-15,2024-08-03,0,29
158,Ad doloribus odit ex aliquam.,Est veniam deserunt aut quia libero quae perferendis. Laudantium et placeat architecto vero voluptate esse.,Semestralny,51,2743,2024-03-24,2024-07-16,1,21
159,Aspernatur illo ipsum.,Perferendis debitis quia tempora vero. Amet error nobis architecto asperiores odio illum molestiae. Enim dolorum modi quod.,Zajęcia dodatkowe,52,6801,2022-09-30,2022-11-13,1,22
160,Sit culpa eligendi maxime.,"Modi libero quia enim. Corrupti repudiandae quasi esse.
Animi sint sunt quidem et amet vel. Accusamus facere distinctio. Quidem eum hic veniam provident perferendis.",Semestralny,6,1035,2023-02-09,2023-04-12,1,22
161,Porro explicabo praesentium.,Ullam accusamus necessitatibus eaque a. Aspernatur facilis nam harum explicabo. Laborum expedita quas dolor odio.,Semestralny,59,8347,2024-08-13,2024-10-08,1,21
162,Expedita ea nemo amet vel.,Tempora dignissimos nihil assumenda numquam quo. Occaecati dignissimos ipsa deleniti. Placeat quasi suscipit modi repellendus.,Zajęcia dodatkowe,34,1790,2024-02-10,2024-03-04,0,24
163,Saepe sed id at.,Nostrum cumque labore illum facere sunt. Illo non labore eaque vero in beatae. Et nostrum culpa eos.,Zajęcia dodatkowe,43,2078,2023-10-09,2024-04-13,1,8
164,Ducimus cum accusamus.,Vitae excepturi deleniti voluptatibus sit. Recusandae accusamus numquam iusto nisi excepturi illum voluptatum.,Roczny,25,3627,2022-12-19,2024-06-04,1,12
165,Similique id assumenda atque.,"Rerum voluptatibus dolor dolores alias repudiandae. Labore veniam necessitatibus sint atque quia. Placeat voluptates odit laudantium aliquam quae.
Mollitia saepe qui vitae distinctio.",Zajęcia dodatkowe,23,52,2023-06-08,2023-06-26,1,17
166,Ipsum quibusdam possimus.,Deleniti vero ad error saepe voluptate placeat corrupti. Corrupti expedita exercitationem maxime laudantium totam recusandae saepe. Iure maiores itaque excepturi.,Diagnostyczny,18,1261,2021-12-27,2024-08-17,1,9
167,Nobis natus vero consectetur.,"Recusandae totam odit nam placeat facere. Sapiente saepe dolorem itaque. Repudiandae consequuntur quisquam sunt sit recusandae.
Vero quae dignissimos ut nobis quam modi. Amet fugiat omnis architecto.",Semestralny,34,236,2022-08-17,2024-03-02,0,14
168,Asperiores qui vero quia.,"Eius dolore at nemo. Beatae libero repellat debitis cupiditate aliquid.
Nihil veniam minima animi nesciunt. Ratione beatae at vitae ipsa tempora. Molestias dolorem ducimus in libero.",Diagnostyczny,40,4712,2023-06-18,2023-09-13,0,7
169,Reiciendis ipsa corrupti.,Libero nisi accusamus in. Cupiditate dolor vero iste debitis dolore. Culpa itaque repellendus sapiente.,Diagnostyczny,29,5237,2024-10-15,2024-10-18,1,23
170,Quisquam omnis facere.,Libero dolor facilis aliquid voluptatibus eius aut. Corporis quis voluptas explicabo assumenda praesentium atque.,Semestralny,35,2223,2022-08-15,2022-11-03,0,15
171,Dolorem nam blanditiis in.,Similique officiis eum vitae dignissimos dolores.,Zajęcia dodatkowe,47,7532,2021-12-21,2022-01-03,0,26
172,Error nihil maxime.,Consequatur nesciunt inventore rem. Culpa veniam quam ipsum. Provident expedita exercitationem. Animi quia perferendis voluptates culpa ipsam.,Semestralny,46,3600,2023-01-14,2024-02-08,1,13
173,At cumque deserunt ratione.,Odit laborum aliquid voluptatum molestias minus cum. Ea voluptate repellat perferendis nulla.,Inne,54,7496,2022-09-25,2024-06-19,1,11
174,Quidem culpa alias quaerat.,Sed tempora dignissimos velit nobis doloremque. Voluptates est modi aliquid facere hic dolorem. Repudiandae voluptates officiis pariatur expedita fugit.,Roczny,11,30,2024-05-18,2024-05-22,0,18
175,Occaecati dolor quo quo.,"Optio voluptatum voluptatem fugiat.
Soluta laudantium minus consequatur ex quam. Porro nihil natus dolor repudiandae. Minus maiores tempora esse minima possimus incidunt.",Diagnostyczny,16,2169,2022-03-29,2023-10-19,1,13
176,Ut ipsa voluptatibus odit.,"Saepe non sapiente distinctio maxime. In odit rerum. Atque nostrum quos quasi magni.
Veritatis nisi deserunt tempora recusandae similique reiciendis. Qui dolorum ratione corporis suscipit.",Inne,12,1294,2021-12-15,2023-02-01,0,13
177,Voluptas aspernatur quisquam.,"Tenetur nihil sed voluptatum eius. Illo necessitatibus tenetur quas debitis.
Exercitationem velit voluptate beatae corrupti occaecati. Tempora maiores sunt saepe libero saepe.",Inne,51,8571,2024-09-22,2024-09-26,1,27
178,Perspiciatis sint quo iure.,Asperiores eveniet temporibus veritatis tenetur at. Ducimus adipisci officiis error eius. Soluta a officiis quas repellendus.,Zajęcia dodatkowe,57,8382,2022-10-24,2023-12-29,0,24
179,Officia fuga modi dicta ab.,"Sed id neque quia. Repellendus corrupti nesciunt doloribus laboriosam. Velit corrupti recusandae recusandae tempora illo velit.
Eligendi quisquam quas ullam illo laboriosam.",Diagnostyczny,46,6649,2023-03-27,2023-07-04,0,7
180,Cumque deserunt ad culpa.,Accusantium asperiores consequuntur officiis nisi doloribus incidunt. Quas repellat occaecati nam non.,Roczny,11,1539,2023-01-19,2023-06-16,0,22
181,Voluptas cumque nulla nobis.,Provident enim reiciendis quia ut totam dolore asperiores. Officiis vero soluta accusamus expedita beatae. Nesciunt tenetur molestiae magni.,Roczny,28,2142,2024-01-21,2024-07-15,0,19
182,Quos itaque nisi maiores.,Dolorum culpa vero. Dolores beatae at. Deserunt numquam impedit ducimus eligendi aliquid. Facilis non iusto.,Semestralny,36,6857,2023-11-19,2024-09-06,0,12
183,Nobis nemo incidunt eum.,Fugiat nulla aliquam id veritatis numquam. Quidem ab delectus tenetur odio mollitia. Atque minus assumenda nisi.,Inne,55,4574,2023-04-19,2023-10-03,0,28
184,Corporis consectetur vero at.,Architecto quaerat necessitatibus aliquid debitis tempora culpa asperiores. Quisquam autem molestiae voluptate quod placeat.,Inne,15,469,2023-05-06,2024-05-01,1,25
185,Qui quisquam facere magni.,Delectus pariatur placeat animi omnis eum. Rem dignissimos doloribus cumque consectetur. Cum laboriosam molestiae assumenda praesentium. Accusantium quidem odio iure repellendus corporis.,Diagnostyczny,58,8642,2022-12-05,2022-12-11,1,24
186,Totam reprehenderit et.,Delectus repudiandae maxime placeat accusamus reiciendis possimus. Recusandae aut reprehenderit optio iure. Quasi magni aut ex assumenda voluptatem perferendis.,Inne,47,6981,2022-04-08,2024-09-05,1,20
187,Libero dolores unde sint.,Magni quo quam explicabo fugit accusamus culpa deleniti. A laudantium officia pariatur ex asperiores. Autem debitis quos veniam ducimus dignissimos cum.,Inne,22,1307,2024-10-20,2024-10-26,0,30
188,Possimus labore beatae iure.,"Assumenda eaque quo sapiente. Nobis voluptatum occaecati recusandae quae. Aliquam quibusdam molestiae commodi molestias.
Cum temporibus aperiam ratione quasi sequi dolore. Animi hic voluptatem.",Diagnostyczny,45,1498,2023-11-11,2023-11-24,0,11
189,Libero cupiditate nemo.,Quia ipsam illum similique totam iste. Libero doloremque quibusdam esse reprehenderit. Earum velit illo id ducimus nulla ab.,Roczny,21,2195,2023-05-16,2024-08-18,1,17
190,Sint magni quod itaque.,"Quibusdam culpa maiores itaque ullam odit laboriosam. Molestias cum libero eos. Quam aut quaerat.
Officia omnis odit suscipit. Ipsam asperiores quo tempore recusandae earum.",Roczny,35,6462,2023-08-28,2023-11-05,1,24
191,Impedit beatae nam totam.,"Ex quibusdam maiores fugiat facilis.
Assumenda maxime distinctio a. In quaerat assumenda asperiores fugiat numquam. Vero numquam voluptatem ullam voluptatum exercitationem accusamus.",Semestralny,37,7255,2024-03-16,2024-04-15,0,10
192,Molestiae unde ipsam autem.,"Odio quaerat ipsum nihil cupiditate unde ex.
Iusto atque facere accusamus libero fuga. Est doloremque accusamus cumque aliquam. Doloribus expedita inventore nam necessitatibus nobis magni qui.",Zajęcia dodatkowe,14,220,2023-09-11,2023-10-20,0,18
193,Odio earum id eius.,Dicta at ipsa. Repellat blanditiis officiis accusamus commodi. Odit ex mollitia aperiam iure.,Diagnostyczny,47,6227,2023-07-27,2023-08-05,1,12
194,Autem dolorum odio saepe.,"Magnam ullam optio amet deserunt quaerat mollitia.
Aperiam quia soluta corporis sint non repellat.",Semestralny,29,3255,2023-05-10,2023-10-28,1,23
195,Tempore nihil illo earum.,Corporis quasi libero reiciendis accusantium exercitationem mollitia. Maxime dolorem eius commodi.,Semestralny,7,398,2023-01-28,2024-10-10,1,26
196,Aut similique vero in.,"Ea dolorum molestiae labore. Laudantium sint quisquam quisquam doloremque provident. Esse fugiat veniam provident dolores dolor.
Sit porro adipisci saepe beatae voluptas ab. Esse ex ipsa facere.",Roczny,30,4376,2022-12-24,2023-10-27,1,14
197,Dolorum fuga occaecati.,Doloremque consectetur molestias voluptatem sit neque facere. Voluptas dolorem optio tempore eius earum quis.,Semestralny,12,1721,2023-11-07,2024-06-20,0,17
198,Autem impedit aliquid odit.,Odio veritatis laboriosam nam nam nostrum doloribus. Quam magnam molestias iure. Quod libero eligendi animi molestias.,Semestralny,30,2531,2023-01-01,2024-05-31,1,25
199,Aut asperiores ab eveniet.,"Fuga amet sed cumque labore.
Autem iure eius odio hic aspernatur libero labore. Veritatis ducimus asperiores distinctio.
Laudantium maxime dolores illo. Error est mollitia fugiat facilis delectus.",Diagnostyczny,9,226,2023-06-15,2023-07-19,1,23
200,Soluta esse sint ipsum.,"Ratione veniam vero libero. Similique assumenda eos eius.
Hic asperiores est porro accusantium. Voluptatem illo voluptas laudantium porro.",Zajęcia dodatkowe,47,8044,2023-06-21,2023-10-28,1,5
