1,17,111,2024-03-20,2,1,,Brak interakcji,nie wiem,Vero occaecati mollitia asperiores quaerat ex necessitatibus. Rem excepturi quas aperiam fuga veritatis. Rem atque pariatur neque sint corporis tenetur repellat.
2,34,120,,,,,,,
3,11,12,2024-06-22,3,4,Praktyczne przykłady,Brak interakcji,nie,Dolore nisi maiores voluptas quos laborum nisi. Nesciunt impedit id quia autem quod. Consequatur quibusdam corporis tempore mollitia.
4,193,130,2024-07-10,4,4,Inspirujący,Słaba organizacja,nie wiem,Optio inventore provident sunt alias quas vitae cumque. Ex tempore facilis labore similique numquam dolorem. Distinctio temporibus nemo ipsum. Nisi quidem in repudiandae architecto consectetur illum.
5,96,106,2024-08-27,4,2,Świetnie zorganizowany,Brak interakcji,tak,"Aliquam voluptate eligendi. Aliquam numquam repudiandae. Est deleniti eligendi sapiente.
Similique quam ipsa ipsam. Porro harum aliquam. Harum iure mollitia eveniet fuga occaecati."
6,116,173,2023-09-01,2,2,Świetnie zorganizowany,,nie wiem,Enim excepturi amet ex aspernatur eligendi voluptatem blanditiis. Perferendis non dignissimos similique.
7,34,18,,,,,,,
8,118,4,2024-08-07,1,2,Inspirujący,Niejasne wyjaśnienia,nie wiem,"Temporibus quaerat esse doloribus. Atque tempore odio facere vel quo vel. Debitis libero dolores.
Veritatis excepturi ipsa at asperiores ducimus. Architecto quisquam eligendi."
9,82,9,,,,,,,
10,70,138,,,,,,,
11,101,183,,,,,,,
12,36,127,2024-04-03,2,4,Dobrze przekazana wiedza,Zbyt ogólny,nie,Voluptatum qui dolores sint odit. Nobis cum fugit iure eligendi vero iste. Aliquam animi velit culpa id ad et.
13,132,104,2023-03-27,3,4,,Nieprzydatny materiał,nie,Eligendi molestiae amet architecto optio harum. Perspiciatis laborum ratione voluptatibus. Culpa earum possimus a tempora alias.
14,113,185,,,,,,,
15,7,14,2024-01-31,2,2,Bardzo pomocny,Mało praktycznych przykładów,nie,Amet beatae nostrum neque repudiandae repudiandae id. Tempore iusto modi cum voluptates repellendus. Architecto veniam quia eos minus.
16,46,114,2024-07-18,5,1,Praktyczne przykłady,Brak interakcji,tak,Itaque at error libero et. Fugiat ad tempore sint. Magnam fugit nihil corporis maxime accusamus maxime accusantium. Veniam ipsam ipsam quam eveniet itaque.
17,166,100,,,,,,,
18,118,12,,,,,,,
19,24,147,,,,,,,
20,170,6,,,,,,,
21,36,11,2024-11-27,4,3,Dobrze przekazana wiedza,Niejasne wyjaśnienia,nie wiem,"Velit sequi dicta ea ullam eaque dolor.
Repellendus consequuntur est dolorum vel. Blanditiis optio praesentium dolor totam."
22,68,11,2024-03-05,2,1,,Zbyt długi,nie wiem,Est eius sequi quidem sit voluptatem. Ut doloribus vero officiis culpa tempore. Perspiciatis fugit voluptas.
23,19,193,,,,,,,
24,175,14,,,,,,,
25,166,130,2023-08-10,3,1,Wartościowy materiał,Słaba organizacja,nie,"Placeat vitae nobis modi.
Porro voluptatem commodi. Illo est rem."
26,59,74,,,,,,,
27,130,172,2023-10-14,4,4,Dobrze przekazana wiedza,Mało praktycznych przykładów,tak,Incidunt aliquam corporis labore numquam. Placeat nemo voluptate voluptates voluptate voluptatum. Quod aliquam magni itaque enim numquam quaerat.
28,176,64,2024-09-19,2,3,,Niejasne wyjaśnienia,nie,"Reiciendis quaerat suscipit ab. Quam nisi nihil assumenda fuga libero eum. Saepe eos maxime. Aliquid sint quos natus.
Quam repellat inventore cupiditate."
29,15,155,,,,,,,
30,77,102,,,,,,,
31,137,187,2023-08-29,2,3,Bardzo pomocny,Nieprzydatny materiał,nie,Doloremque labore iste voluptatum ea aliquam doloribus. Temporibus placeat ullam animi velit.
32,107,46,2024-02-02,2,5,,Nieprzydatny materiał,nie,Beatae repellendus beatae excepturi ducimus omnis. Libero et nam commodi id. Nihil illum laudantium quisquam.
33,29,16,2023-07-31,4,3,Profesjonalny prowadzący,Brak interakcji,nie,Tempora sed quisquam deserunt eveniet. Officiis eum ullam vitae deleniti recusandae aliquam. Veritatis unde nesciunt modi magni ad ratione.
34,30,164,2023-08-23,5,5,Wartościowy materiał,Nieprzydatny materiał,tak,Cumque voluptatibus quibusdam nostrum doloremque aliquam ea doloribus. Laudantium iusto cum sapiente est tenetur repellat.
35,99,79,2024-03-20,2,4,Wartościowy materiał,Mało praktycznych przykładów,tak,Libero quo quibusdam atque minus. Repellendus beatae earum voluptatem atque hic praesentium.
36,190,23,,,,,,,
37,6,191,,,,,,,
38,91,6,2024-07-21,4,4,Profesjonalny prowadzący,,nie wiem,"Animi aliquid accusamus in maiores tempora. Iusto autem ab deserunt incidunt tempore.
Alias odio illo animi unde qui quam cumque. Possimus ipsam id molestias fugiat dignissimos."
39,4,41,2023-04-27,1,5,Dobrze przekazana wiedza,Niejasne wyjaśnienia,nie,"Velit excepturi consectetur est. Consectetur incidunt libero quas minus unde provident.
Eligendi qui voluptas debitis ipsam. Culpa quis fuga."
40,97,176,2023-05-29,4,5,Dobrze przekazana wiedza,Nieprzydatny materiał,nie,"Quia fugit repudiandae nam ea beatae facilis. Repellendus fuga reiciendis totam.
Commodi cum optio nobis. Dolorem a consequatur explicabo occaecati."
41,180,46,2023-05-27,1,4,Profesjonalny prowadzący,,nie,Dicta facilis ipsam modi. Asperiores enim perferendis explicabo distinctio quis dicta.
42,190,128,2023-12-02,4,4,,Mało praktycznych przykładów,tak,Ullam aperiam repudiandae molestias. Dolores a a consectetur quam asperiores beatae. Aliquam consequatur maxime fuga mollitia iure quas.
43,151,93,2023-05-03,1,1,Praktyczne przykłady,Zbyt długi,tak,A tenetur ipsam nesciunt repellat architecto accusantium vero. Doloremque natus distinctio officiis eos modi repudiandae error.
44,166,68,,,,,,,
45,39,150,2024-07-30,5,4,Inspirujący,Zbyt ogólny,nie wiem,"Fuga accusantium asperiores. Id magni explicabo officiis ratione eius sapiente.
Eaque autem ipsa ipsa hic mollitia. Qui aperiam quas minima quaerat."
46,18,72,,,,,,,
47,195,180,2024-01-22,5,4,,Słaba organizacja,tak,Ratione rem excepturi doloribus blanditiis nulla expedita. Expedita ipsum dolorem aliquid error consectetur. Delectus occaecati officia nam placeat.
48,137,183,2024-07-21,3,5,Inspirujący,Niejasne wyjaśnienia,tak,Quisquam id fuga expedita. Quis maiores aspernatur vel est totam.
49,98,58,2024-08-22,1,3,Profesjonalny prowadzący,Słaba organizacja,tak,Nemo iure sequi praesentium excepturi incidunt dignissimos. Consequatur nemo beatae quaerat. Quia itaque consequatur repellat.
50,120,24,2023-07-03,1,4,Inspirujący,,tak,"Quas nostrum reiciendis eveniet quas consequuntur tenetur. Ex illum vitae nulla culpa tempora aliquam eos. Quo nisi quos vero illum.
Vitae magni magni vitae eum."
51,40,128,,,,,,,
52,82,49,,,,,,,
53,106,88,2024-06-05,5,3,Praktyczne przykłady,Słaba organizacja,tak,Magni optio culpa rem voluptas. Aspernatur dignissimos cupiditate corporis corrupti ab laborum. Quo doloribus similique nulla ipsum.
54,175,95,2024-02-19,4,2,Bardzo pomocny,Mało praktycznych przykładów,nie wiem,"Iste quisquam amet sed officia nihil suscipit. Tenetur minima iste nisi aut ratione.
Dolore esse totam excepturi molestiae itaque aspernatur libero. Ab voluptates eos explicabo ad."
55,154,149,,,,,,,
56,71,144,2024-08-04,5,2,Inspirujący,Zbyt długi,nie,Reprehenderit itaque dolores minus explicabo. Illo sed aliquid earum. Vel nostrum error eos nobis quod. Quasi perferendis non dolorum illum repudiandae.
57,172,122,,,,,,,
58,171,157,2024-01-09,1,5,Świetnie zorganizowany,Brak interakcji,nie wiem,"Aperiam reiciendis at culpa recusandae. Pariatur doloribus sapiente.
Dignissimos ab provident ut nulla atque unde."
59,25,181,,,,,,,
60,184,125,2023-01-15,2,2,Świetnie zorganizowany,,nie,"Mollitia accusantium deserunt ut aspernatur. Minus illo vel. Laborum blanditiis nesciunt repellendus dolor a.
Hic libero quaerat quas impedit voluptatibus."
61,107,30,2024-08-24,4,1,Dobrze przekazana wiedza,Nieprzydatny materiał,tak,Omnis exercitationem ullam perferendis quod maiores. Delectus ipsa recusandae ipsam debitis. Ad architecto officia.
62,58,82,2024-11-17,2,5,Praktyczne przykłady,Mało praktycznych przykładów,nie,Laboriosam sapiente repudiandae delectus similique. Voluptas error a neque. Itaque laborum repellat ducimus ea perferendis labore.
63,94,153,,,,,,,
64,145,105,2023-01-29,2,5,Świetnie zorganizowany,Niejasne wyjaśnienia,tak,"Consequuntur nobis ullam repellat praesentium iste soluta. Possimus possimus nesciunt nisi.
Repellat sit vero consequatur cum reiciendis. Dolorum eum neque minima."
65,47,160,2024-03-06,1,1,,,tak,Dolores unde minus eos recusandae. At nesciunt numquam aut error. Amet quos earum tempora doloribus amet. Quo optio repellat ipsam incidunt vel eius cumque.
66,71,168,,,,,,,
67,76,85,2024-03-23,3,3,Inspirujący,Zbyt długi,nie wiem,Dolore dolores laboriosam. Officiis alias a explicabo neque sit quo.
68,87,170,,,,,,,
69,24,97,2024-10-12,2,5,Profesjonalny prowadzący,Brak interakcji,nie wiem,Optio expedita debitis occaecati. Mollitia sunt incidunt officia eligendi. Laudantium quasi sunt labore.
70,25,196,2023-02-15,3,5,Świetnie zorganizowany,Mało praktycznych przykładów,nie wiem,Nostrum doloribus quasi velit illo possimus et. Impedit magnam nemo accusantium officia qui consequuntur.
71,104,32,2023-09-26,3,2,Wartościowy materiał,Niejasne wyjaśnienia,tak,"Ipsam quasi rerum quod esse. Consequuntur iste magni non.
Tenetur illo aut facere illum maiores cum et. Dolor harum cupiditate sapiente quidem quas."
72,78,7,2023-06-02,5,3,Wartościowy materiał,Zbyt ogólny,tak,"Iste facilis perspiciatis at. Mollitia cumque sunt ab. Delectus qui doloribus fugiat libero cum.
Eveniet debitis neque impedit."
73,20,1,,,,,,,
74,69,43,,,,,,,
75,183,163,2023-11-17,4,4,Bardzo pomocny,Brak interakcji,tak,Blanditiis aliquam ipsam laborum. Animi fugiat culpa qui illo exercitationem in. Placeat molestiae officia molestias hic sed.
76,25,67,,,,,,,
77,73,180,,,,,,,
78,179,52,,,,,,,
79,152,110,2023-05-31,1,3,Profesjonalny prowadzący,Mało praktycznych przykładów,tak,Magnam cupiditate possimus dolores corporis aliquid. Adipisci vel aliquam mollitia enim qui cum quas.
80,1,125,,,,,,,
81,3,182,2023-06-22,4,5,Dobrze przekazana wiedza,Zbyt ogólny,nie wiem,"Sit quo commodi quod itaque voluptates vitae nihil. Sapiente quod error aliquam inventore laboriosam eos.
Porro mollitia ex illum asperiores. Distinctio minima aperiam."
82,23,91,2023-01-01,3,5,Świetnie zorganizowany,Niejasne wyjaśnienia,nie wiem,"Sunt ratione libero veritatis debitis vero. Natus tempore facere assumenda et similique fugit quidem. Doloremque quia tempora saepe.
Inventore illum voluptate dolor fugit."
83,180,15,,,,,,,
84,6,29,,,,,,,
85,166,143,2024-10-15,1,5,Inspirujący,Nieprzydatny materiał,nie,"Facere doloribus saepe. Nisi illo voluptates atque. Quisquam quo sequi.
Corrupti non rerum quasi."
86,19,99,,,,,,,
87,58,6,2024-02-02,3,2,Praktyczne przykłady,Mało praktycznych przykładów,nie,Dolorem velit excepturi consectetur quaerat tempore nulla. Reprehenderit facilis tempore incidunt. Dolorem recusandae aut iste quo beatae.
88,151,92,2024-03-23,1,1,Inspirujący,Zbyt ogólny,tak,Modi amet soluta deserunt. Veritatis repellat optio exercitationem nobis esse doloribus earum. Deleniti laudantium explicabo porro consequuntur distinctio expedita consequatur.
89,49,162,2023-01-05,2,2,Profesjonalny prowadzący,Nieprzydatny materiał,nie,Debitis in beatae accusantium nesciunt. Accusamus laborum occaecati saepe. Architecto nobis illo nihil.
90,35,16,,,,,,,
91,96,93,,,,,,,
92,7,90,,,,,,,
93,16,53,,,,,,,
94,4,92,2023-01-07,5,2,Wartościowy materiał,Niejasne wyjaśnienia,nie wiem,"Eaque quisquam molestias neque eos id alias. Optio facilis adipisci quis.
Deleniti a deserunt illum voluptas impedit neque. Voluptate voluptate voluptas saepe cupiditate sunt quibusdam."
95,30,25,,,,,,,
96,12,139,,,,,,,
97,12,13,,,,,,,
98,154,198,,,,,,,
99,25,60,2024-10-09,2,2,,Zbyt ogólny,nie,Odio asperiores blanditiis ex quia ducimus amet. Occaecati illo laudantium temporibus. Esse temporibus impedit quia.
100,105,73,,,,,,,
101,121,140,2024-02-09,4,3,,Zbyt długi,tak,Suscipit pariatur magni porro. Dicta rem ducimus explicabo. Inventore delectus a inventore.
102,118,82,2023-01-06,2,1,,Niejasne wyjaśnienia,nie,Enim quas quae blanditiis. Consectetur reiciendis accusantium. Similique nam fuga natus unde.
103,123,68,2024-08-03,3,3,Inspirujący,Brak interakcji,tak,"Sed provident molestias corporis eum cupiditate. Earum laudantium ipsam autem quasi nobis eum. Aspernatur sequi modi occaecati iure.
Maxime eius laboriosam possimus ducimus voluptatibus placeat."
104,53,138,,,,,,,
105,49,41,,,,,,,
106,28,64,2024-01-18,5,3,Bardzo pomocny,Nieprzydatny materiał,nie wiem,"Odit consectetur provident commodi molestias. Nemo atque ratione id vero.
Atque exercitationem corrupti quae ullam saepe in. Odit aut quibusdam. Beatae voluptatum assumenda quos soluta."
107,38,35,,,,,,,
108,46,30,2024-06-23,1,1,Wartościowy materiał,Zbyt ogólny,nie,Distinctio ipsam pariatur esse doloribus ratione. Nulla nostrum nobis quae maiores asperiores assumenda laboriosam. Harum quisquam iusto in provident aspernatur.
109,95,17,2024-07-06,5,5,Profesjonalny prowadzący,Słaba organizacja,nie,Sed explicabo maiores harum reiciendis fugiat rerum asperiores. Hic voluptatibus reprehenderit in neque.
110,48,76,2024-02-24,2,1,,Zbyt długi,nie,Iste numquam mollitia at veniam vel. Omnis sint dolore cumque in cum quisquam. Nemo adipisci voluptatibus eum.
111,7,44,,,,,,,
112,139,73,2023-09-07,1,1,,Niejasne wyjaśnienia,nie wiem,"Vel ullam necessitatibus sunt. Eveniet velit numquam debitis quis dolorum molestiae. Consequatur nam rerum id cum.
Accusantium sed provident ratione quo."
113,135,168,,,,,,,
114,45,145,,,,,,,
115,1,62,2023-08-19,5,3,Wartościowy materiał,Zbyt ogólny,nie wiem,Placeat labore provident praesentium accusamus hic. Incidunt ut ex asperiores explicabo cupiditate.
116,198,128,,,,,,,
117,194,82,,,,,,,
118,13,40,,,,,,,
119,19,156,,,,,,,
120,119,132,2024-10-11,4,1,Profesjonalny prowadzący,Zbyt ogólny,nie wiem,Fuga cupiditate nobis mollitia voluptate excepturi atque eius. Similique earum voluptas sed amet. Rerum quisquam doloremque iusto.
121,49,168,,,,,,,
122,126,162,,,,,,,
123,188,196,,,,,,,
124,58,122,2024-11-07,2,2,Wartościowy materiał,Zbyt ogólny,nie,"Dignissimos officiis temporibus deserunt nesciunt deserunt similique. Nobis laboriosam quod deleniti perferendis.
Soluta error unde laboriosam cum a. Ut vero explicabo est."
125,186,19,,,,,,,
126,87,63,2023-08-22,2,5,Bardzo pomocny,,tak,"Officiis repellendus eos provident eos. Delectus sequi temporibus impedit.
Aliquam nihil corporis.
Doloremque nihil nemo nemo esse nobis."
127,113,91,2023-07-07,3,5,Inspirujący,Niejasne wyjaśnienia,tak,Earum amet quidem cupiditate facilis iusto. Incidunt amet cum amet. Reiciendis sunt quidem odit saepe.
128,12,71,,,,,,,
129,184,106,2023-07-09,3,2,Profesjonalny prowadzący,Zbyt długi,nie,"Impedit blanditiis tempore qui. Voluptates accusamus hic sapiente nemo. Porro reiciendis quibusdam consequatur placeat beatae possimus.
Distinctio cum beatae illo enim quo."
130,171,38,2022-12-23,4,2,Praktyczne przykłady,Słaba organizacja,tak,Incidunt nostrum commodi totam. Cupiditate a error maiores. Doloremque impedit in quod tempora.
131,170,28,,,,,,,
132,128,40,,,,,,,
133,16,153,,,,,,,
134,166,135,,,,,,,
135,8,83,2024-08-14,5,1,Praktyczne przykłady,Brak interakcji,tak,Dolorum possimus non repellat exercitationem. Facilis unde eos velit consectetur eos accusantium.
136,9,38,,,,,,,
137,85,65,2023-10-22,4,5,Bardzo pomocny,Nieprzydatny materiał,nie,Magni distinctio ullam tenetur dolores repellendus explicabo. Molestiae laboriosam reiciendis labore quod recusandae.
138,155,122,,,,,,,
139,11,83,,,,,,,
140,148,85,2023-11-07,5,4,,Mało praktycznych przykładów,tak,"Qui ducimus possimus natus consequatur et nisi porro. Perferendis numquam repellat. Facilis ullam aperiam officiis voluptatibus.
Maiores at nobis aspernatur quod est saepe."
141,106,10,2024-09-21,4,5,Praktyczne przykłady,Zbyt długi,nie wiem,"Assumenda tenetur optio cumque neque. Iure nemo suscipit illo dolor libero voluptate.
Quisquam aspernatur magnam aliquam dignissimos. Eaque odit deserunt recusandae dolores voluptates."
142,103,164,,,,,,,
143,129,121,2023-08-18,3,2,,Zbyt długi,nie,Dolores amet ex debitis distinctio. Iste labore reprehenderit unde mollitia cum dolorum. Laboriosam unde totam maxime.
144,162,184,2023-06-05,2,3,Dobrze przekazana wiedza,Brak interakcji,tak,Ipsam sed reprehenderit totam. Beatae officia iste dignissimos ipsum praesentium nihil. Nisi facilis provident esse blanditiis culpa.
145,1,144,2023-01-08,1,4,Świetnie zorganizowany,Zbyt długi,tak,Consequuntur quas corrupti repellat mollitia et nam. Reprehenderit excepturi quia excepturi voluptatem. Sapiente explicabo optio facilis ad deserunt quis debitis. Explicabo quaerat iste debitis.
146,107,52,,,,,,,
147,146,114,,,,,,,
148,168,34,,,,,,,
149,158,45,2023-07-25,3,3,Dobrze przekazana wiedza,Zbyt długi,nie,Cum impedit reprehenderit nisi veniam deserunt harum fugiat. Sit architecto corrupti magnam officia beatae deserunt. Aperiam tempora fugiat cum.
150,76,6,,,,,,,
151,119,137,,,,,,,
152,113,14,2023-07-16,3,3,Świetnie zorganizowany,Zbyt długi,nie wiem,Aperiam beatae atque perferendis nulla. Suscipit aperiam consequuntur eligendi ea.
153,191,6,2023-01-24,5,5,Świetnie zorganizowany,Zbyt ogólny,nie,"Perspiciatis repellendus placeat animi est quam. Ab totam pariatur iste molestias.
Eveniet veritatis distinctio quas minus. Molestias aliquam doloribus consequuntur corrupti voluptates mollitia."
154,21,180,,,,,,,
155,158,52,,,,,,,
156,82,127,2024-04-15,2,5,Dobrze przekazana wiedza,,tak,"Soluta error inventore dignissimos eos dolorum. Maxime voluptate perferendis veritatis natus.
Deserunt provident maiores alias. Cupiditate sunt molestiae hic quo quod."
157,156,15,,,,,,,
158,68,159,2024-03-14,2,1,Praktyczne przykłady,Słaba organizacja,nie,"Quod est alias aspernatur explicabo esse quas. Sit ducimus ex nisi.
Mollitia fugiat libero nihil id non nemo. Vero ex sapiente omnis assumenda totam."
159,77,50,,,,,,,
160,5,136,,,,,,,
161,146,96,,,,,,,
162,82,45,,,,,,,
163,152,81,2023-06-17,5,1,Inspirujący,Niejasne wyjaśnienia,tak,"Eius nam expedita accusamus iure asperiores magni. Sapiente quisquam ipsam commodi natus eius beatae culpa.
Occaecati nostrum nobis magnam voluptatem perferendis."
164,165,156,2024-09-10,4,5,Profesjonalny prowadzący,Zbyt długi,nie wiem,A mollitia fugiat numquam fugiat sit eius iusto. Ut nesciunt dicta. Unde repudiandae laudantium fugiat illum.
165,115,117,,,,,,,
166,111,74,,,,,,,
167,100,173,,,,,,,
168,176,6,,,,,,,
169,180,49,2024-07-30,5,2,Profesjonalny prowadzący,Nieprzydatny materiał,nie wiem,Odio numquam veniam modi quasi ducimus possimus. Magnam tempora minus at.
170,103,160,,,,,,,
171,171,133,2022-12-17,3,4,Inspirujący,,nie wiem,Ad consectetur officia quas. Quae facilis modi minima vitae quis beatae. Dicta officiis culpa aut quas debitis quidem labore.
172,178,112,2024-06-10,1,2,,Mało praktycznych przykładów,nie,Deleniti quia veniam officiis magni. Alias blanditiis sapiente cupiditate ut nostrum. Consequatur explicabo atque totam occaecati illo.
173,26,53,2023-10-20,3,2,Profesjonalny prowadzący,Słaba organizacja,nie,Itaque rem fugit facilis earum neque quo. Repudiandae distinctio quisquam doloremque expedita commodi numquam.
174,151,37,2024-09-18,3,1,Świetnie zorganizowany,Niejasne wyjaśnienia,tak,"Sapiente libero quas. Sit modi impedit reiciendis occaecati error magni. Voluptate atque et mollitia sunt repudiandae iure.
Fugit iste voluptatem at odit. Ipsam delectus deleniti impedit."
175,171,166,2023-02-26,3,5,,Zbyt ogólny,nie wiem,Quasi consequatur suscipit fugit aliquam cumque vitae. Earum deleniti nihil perspiciatis placeat sint dolore repudiandae. Harum itaque fuga a. Doloribus fugiat minima.
176,77,59,,,,,,,
177,193,69,,,,,,,
178,62,131,2024-04-26,5,5,Praktyczne przykłady,Nieprzydatny materiał,tak,"Adipisci accusamus minus harum pariatur. Suscipit soluta aliquid natus quisquam.
Eius nulla aut quibusdam perspiciatis cumque. Delectus excepturi magnam vel explicabo numquam nemo."
179,39,153,,,,,,,
180,6,94,2024-04-01,4,2,Praktyczne przykłady,Niejasne wyjaśnienia,tak,Voluptate accusantium minus ratione tempore commodi optio possimus. Molestiae ducimus nisi enim vel. Dolor ad deserunt magni cupiditate expedita provident a.
181,119,144,2023-10-28,5,5,Świetnie zorganizowany,Mało praktycznych przykładów,nie,"Saepe exercitationem deleniti velit doloribus. Quas incidunt nam perspiciatis harum.
Saepe nobis facilis delectus pariatur reiciendis. Porro aliquam magni quas asperiores necessitatibus."
182,19,145,2024-11-26,5,4,Profesjonalny prowadzący,Brak interakcji,nie wiem,"Est eveniet architecto nobis. Ea sequi quis reprehenderit maxime quos quisquam. Porro voluptate saepe.
Natus cumque ex eos asperiores. Molestiae sint velit iure fugit repellat repudiandae ab."
183,172,112,,,,,,,
184,165,172,,,,,,,
185,86,153,,,,,,,
186,27,192,,,,,,,
187,4,83,,,,,,,
188,168,68,,,,,,,
189,86,6,2024-05-01,5,5,Bardzo pomocny,Słaba organizacja,tak,"Est officiis id.
Atque dolorum perspiciatis delectus voluptates. Doloremque expedita occaecati quod saepe. Voluptatem error eaque asperiores aperiam."
190,195,169,,,,,,,
191,172,99,2023-05-03,5,5,Dobrze przekazana wiedza,Mało praktycznych przykładów,tak,Corrupti quidem dolorum cum impedit. Voluptatum nostrum tempora assumenda sequi. Dolores odio blanditiis aspernatur inventore ipsum quis. Sequi ipsa minima et nemo ex.
192,83,76,2023-12-24,4,4,,Nieprzydatny materiał,tak,"Ducimus laboriosam atque velit laborum officiis facilis. Veritatis quis animi. Officia fugit illo.
Laboriosam in distinctio esse. Asperiores nihil animi iure quos aut."
193,1,70,2024-03-27,4,4,Wartościowy materiał,Zbyt długi,tak,Vero debitis exercitationem veritatis necessitatibus autem. Neque soluta quis ex maxime ipsa provident.
194,111,115,2023-01-30,1,3,Świetnie zorganizowany,Niejasne wyjaśnienia,nie wiem,Fugiat commodi deleniti. Itaque non laborum iure quaerat. Aut est enim nesciunt.
195,23,181,2023-08-22,5,2,Profesjonalny prowadzący,Niejasne wyjaśnienia,tak,"Rem rem non nam. Deleniti minus dolorem velit aut earum possimus. Facilis harum autem exercitationem totam.
Praesentium officia sequi dolor adipisci autem nesciunt quasi. Excepturi eius esse."
196,28,103,,,,,,,
197,30,101,2024-03-21,3,4,Świetnie zorganizowany,Brak interakcji,tak,Blanditiis dignissimos in sapiente. Quaerat alias occaecati nulla maxime iusto. Cupiditate ad necessitatibus tempore.
198,68,191,2023-06-18,4,2,Dobrze przekazana wiedza,Brak interakcji,tak,"Ad asperiores ratione tempore. Veniam consequuntur officia numquam ab doloremque.
Sit amet repellendus fuga. Molestiae corrupti placeat ad tempore aut alias.
Expedita odio quis veniam."
199,44,144,2023-12-21,5,1,,,tak,"Quas enim dolor vitae culpa quaerat. Minima vel magni.
Molestias incidunt architecto odit. Accusantium corporis reiciendis tempore id iusto. Saepe quam incidunt eveniet ab officiis impedit eos."
200,103,177,2024-02-27,3,5,Świetnie zorganizowany,,nie wiem,Maxime corrupti hic quos voluptate veritatis dolorem. Nobis rerum vero consectetur. Sit accusamus deleniti similique vel vero.
201,109,73,,,,,,,
202,44,139,,,,,,,
203,57,122,,,,,,,
204,158,85,,,,,,,
205,140,44,2024-11-08,2,5,Dobrze przekazana wiedza,,tak,Illo expedita dignissimos magnam soluta soluta. Velit assumenda et distinctio nemo rem sed.
206,65,102,,,,,,,
207,98,176,,,,,,,
208,115,94,,,,,,,
209,36,84,,,,,,,
210,32,181,,,,,,,
211,99,161,2024-07-07,5,5,Bardzo pomocny,Zbyt ogólny,nie wiem,"Veniam corporis suscipit fugit deserunt tenetur corrupti.
Ipsa iusto est tempore soluta dolorum nulla. Temporibus veniam dolor maiores eaque earum."
212,195,158,2024-07-02,3,5,Dobrze przekazana wiedza,Zbyt ogólny,nie,"Dolorem numquam iusto nobis. Iusto magni corporis.
Facere optio at aliquam eligendi id sint amet. Error recusandae hic."
213,33,122,2024-05-03,1,2,Dobrze przekazana wiedza,Mało praktycznych przykładów,tak,Commodi quae earum laboriosam itaque beatae. Magni adipisci error.
214,21,113,,,,,,,
215,62,23,,,,,,,
216,30,84,2023-06-27,1,4,Dobrze przekazana wiedza,Brak interakcji,tak,"Nisi deleniti officia soluta. Maiores officia consequatur adipisci magnam. Totam reiciendis necessitatibus vel.
Sunt asperiores quam quibusdam minima recusandae. Suscipit quo commodi ut deserunt."
217,173,145,,,,,,,
218,156,55,,,,,,,
219,199,192,2023-10-11,5,3,Praktyczne przykłady,Zbyt długi,tak,Nemo omnis iure accusantium. Rem soluta saepe eius occaecati odit eligendi. Consectetur mollitia id placeat vitae beatae.
220,14,34,2023-08-28,2,5,Świetnie zorganizowany,Brak interakcji,nie,"Deleniti earum tempore facilis. Doloribus beatae fuga non minima et.
Nisi nihil repellat nihil sapiente. Pariatur temporibus ullam quisquam maiores sapiente. Recusandae ratione vel."
221,148,155,2023-11-26,3,3,Dobrze przekazana wiedza,Słaba organizacja,nie wiem,"Vel repellendus repudiandae ex aperiam. Numquam itaque labore ex sint. Assumenda officia nemo repellat aut vel minus.
Laudantium nam iste nisi ipsa. A quasi ea illum ratione non. Saepe quam eum."
222,186,70,,,,,,,
223,188,164,2023-03-12,1,3,Bardzo pomocny,Słaba organizacja,nie,"Quia veritatis perferendis quis molestiae quasi quia. Nostrum laborum voluptate praesentium quae iusto ducimus. Odio est alias nisi sunt dignissimos.
Aspernatur illo delectus ea et aliquid."
224,146,83,2023-08-01,2,5,,Mało praktycznych przykładów,tak,Explicabo rem inventore eligendi mollitia similique. Nesciunt optio commodi earum.
225,78,148,2023-10-21,1,3,Bardzo pomocny,Zbyt długi,nie,Quae assumenda quasi possimus nobis earum perspiciatis. Alias similique beatae est sint accusamus voluptatibus eaque.
226,106,127,2023-05-20,4,3,Inspirujący,Zbyt długi,nie wiem,Asperiores quia pariatur esse aut. Eligendi ipsum maiores possimus eligendi et ipsam accusamus. Eius impedit molestias possimus ipsam. Veniam aspernatur quisquam fuga cupiditate libero.
227,148,135,,,,,,,
228,105,191,2023-01-27,1,5,Profesjonalny prowadzący,Zbyt długi,nie,Maxime optio accusamus incidunt blanditiis. Ullam assumenda suscipit quia voluptatem consequatur. Similique impedit nemo aut quisquam.
229,188,128,,,,,,,
230,80,179,,,,,,,
231,70,35,2023-04-20,3,4,Bardzo pomocny,Brak interakcji,tak,"Est ducimus ipsum asperiores inventore. Odio cum omnis hic earum placeat.
Autem labore adipisci magni totam et praesentium. Veniam maxime fugit sunt quae et voluptatum."
232,154,68,,,,,,,
233,27,122,,,,,,,
234,143,200,,,,,,,
235,114,69,2023-05-16,4,2,Świetnie zorganizowany,Brak interakcji,nie,"At dolorem vitae dicta quia fuga quo. Ab minus tenetur neque impedit assumenda.
Dolores eos quaerat."
236,21,83,2024-11-19,3,3,,Słaba organizacja,nie wiem,"Maiores quidem fuga quae at debitis. Beatae nemo dicta voluptatem magnam quia.
Consequuntur cum nobis pariatur deleniti. Impedit a ipsa tempore."
237,74,117,,,,,,,
238,184,67,,,,,,,
239,119,48,2023-12-26,3,5,Inspirujący,Niejasne wyjaśnienia,nie,"Error eius ab unde. Accusamus dolore labore reiciendis. Distinctio deserunt placeat totam voluptates in cum.
Ratione nostrum occaecati mollitia. Sed nisi officiis inventore."
240,78,154,,,,,,,
