1,Maks,Nurek,adamnamyslo@example.org,+48 32 672 44 33,C++,6
2,Hubert,Smektała,tobiasz65@example.net,792 516 700,C++,1
3,Cezary,Łyjak,ochalrobert@example.org,+48 736 433 802,Unity,2
4,Tola,Szkatuła,ambroziknataniel@example.org,791 245 003,C++,10
5,Robert,Chojak,monika01@example.net,+48 669 040 050,C++,2
6,Leonard,Potoczna,bochnakanastazja@example.net,886 720 387,C++,4
7,Anna Maria,Prokopiak,lukaszmacczak@example.com,+48 607 722 463,Machine Learning,5
8,Gustaw,Samol,ymorgala@example.com,+48 575 442 065,Unity,1
9,Gaja,Szymanik,alexpyszczek@example.net,514 391 595,Machine Learning,5
10,Błażej,Kurda,olgierd21@example.com,+48 796 082 267,Java,10
11,Marcel,Kurzak,ewelina01@example.org,788 285 695,C#,5
12,Klara,Czak,kornel38@example.com,+48 575 677 030,C#,6
13,Witold,Gąsienica,azagozda@example.org,+48 601 003 376,Java,10
14,Gaja,Stochaj,hkononowicz@example.net,22 633 53 14,C#,2
15,Norbert,Janowiak,monika64@example.com,+48 500 797 134,C++,3
16,Ewelina,Drywa,cszmuc@example.net,+48 506 386 744,Java,9
17,Anastazja,Kabza,maksymilian28@example.net,511 214 862,C#,10
18,Rozalia,Opioła,ewa46@example.com,882 132 938,C#,2
19,Bartek,Morek,nkielbik@example.net,+48 662 726 141,Unity,7
20,Rozalia,Zawodnik,dominikulrych@example.com,+48 734 568 092,Unity,3
21,Sebastian,Pyrkosz,sylwia82@example.net,+48 699 549 179,Unity,6
22,Józef,Jaśko,maszotaolga@example.org,22 877 70 18,Python,3
23,Paweł,Żymełka,mdziurla@example.net,530 527 678,Python,5
24,Witold,Kucab,brzakalajulian@example.org,+48 531 760 187,Java,6
25,Sylwia,Miecznik,epotega@example.org,536 482 642,Python,1
26,Kornel,Milewczyk,rferet@example.org,+48 732 078 573,Unity,4
27,Dominik,Muc,aleksander13@example.com,+48 22 005 46 45,Python,1
28,Marika,Gajcy,hjerzyk@example.org,605 909 067,Python,5
29,Filip,Jezior,janina27@example.net,+48 534 564 810,Machine Learning,9
30,Ryszard,Sprawka,mateuszklekot@example.org,662 966 279,Machine Learning,2
31,Bruno,Miksza,julian67@example.net,+48 723 168 389,C#,9
32,Rafał,Turoń,patrykdyszy@example.com,571 622 932,Python,7
33,Konrad,Pietrek,melaniasiedlarz@example.net,609 091 761,C#,2
34,Grzegorz,Burkiewicz,naroznyewelina@example.com,+48 539 982 040,C++,9
35,Angelika,Tadych,pajdaktymon@example.com,518 087 553,Python,8
36,Krystyna,Rychel,witold36@example.net,579 144 308,Machine Learning,1
37,Sylwia,Piguła,eliza79@example.com,+48 733 811 888,Python,4
38,Kacper,Cymbała,chlebekcyprian@example.com,579 139 261,Machine Learning,9
39,Ewelina,Zadka,kjarkiewicz@example.com,+48 511 453 782,Python,10
40,Piotr,Bujas,aleksander39@example.org,+48 735 613 991,Java,1
41,Krystyna,Kiliszek,ewelina69@example.org,+48 695 145 355,Machine Learning,6
42,Olgierd,Kreczmer,roza33@example.com,+48 669 635 492,Unity,1
43,Ida,Przekop,samiecandrzej@example.net,606 500 180,C++,8
44,Stefan,Fijak,bgodzwon@example.net,534 810 569,Python,5
45,Aleksander,Krzempek,abastek@example.net,530 262 832,Java,2
46,Konstanty,Malara,pocztafilip@example.com,+48 692 340 048,Machine Learning,6
47,Konrad,Małż,szymon41@example.com,+48 518 483 294,C++,5
48,Filip,Wawszczyk,qhajdasz@example.com,889 748 468,Java,8
49,Blanka,Danel,kolendojan@example.org,+48 734 695 957,C#,7
50,Dorota,Pawełko,adriannasteinke@example.org,+48 785 237 444,Python,3
51,Albert,Domian,ksawerydziechciarz@example.org,788 183 756,Python,4
52,Anna Maria,Kasiak,ltoczko@example.net,+48 669 628 784,Unity,9
53,Stefan,Piotrkowicz,kkonsek@example.com,+48 519 979 814,Machine Learning,10
54,Ignacy,Rębiś,wiktorpiotrowiak@example.org,+48 699 486 310,Java,8
55,Stefan,Pospiech,soltanolaf@example.com,+48 738 268 454,Java,6
56,Aniela,John,olgierdstepak@example.net,731 687 887,C++,7
57,Hubert,Orkisz,rogalsonia@example.org,509 038 152,C#,7
58,Miłosz,Żołądkiewicz,dariusz62@example.net,+48 32 314 54 81,Python,9
59,Melania,Nazar,adriannaszajda@example.com,790 421 597,Machine Learning,4
60,Eliza,Wajer,awitko@example.net,+48 885 567 776,Machine Learning,6
61,Łukasz,Fabiszak,jacek84@example.org,32 536 96 36,C#,4
62,Damian,Zadora,kalwakroza@example.net,+48 533 989 568,C++,10
63,Maciej,Lelito,emiozga@example.com,+48 791 509 187,C#,10
64,Monika,Nitkiewicz,cbazyluk@example.com,22 701 32 19,C#,10
65,Eryk,Miodek,jerzy53@example.org,511 615 220,C++,5
66,Iwo,Maślach,dgietka@example.org,+48 509 288 010,Unity,1
67,Bianka,Grymuza,albertkalwa@example.org,+48 570 379 437,Python,7
68,Tola,Tolak,natanpolitowicz@example.com,791 083 146,Machine Learning,5
69,Kajetan,Chomiuk,wojtonliwia@example.org,22 764 68 59,C++,3
70,Róża,Skolik,anielabuksa@example.org,+48 537 889 393,Unity,6
71,Igor,Wizner,rozumekadrianna@example.net,32 932 62 37,C#,4
72,Ada,Dynia,grzegorzszczepaniuk@example.net,576 168 480,C++,6
73,Piotr,Heba,marcelina49@example.net,+48 798 679 728,Java,1
74,Oskar,Korkosz,waniekaniela@example.org,+48 503 893 701,Unity,6
75,Miłosz,Krzosek,zmironczuk@example.net,512 203 693,C++,9
76,Paweł,Pawełko,stefanskubala@example.org,+48 504 863 978,C#,3
77,Klara,Żywica,ddziopa@example.com,+48 889 565 033,Unity,2
78,Aleks,Kazana,kralkornel@example.org,511 743 993,Python,2
79,Michał,Kornek,lidiajargielo@example.net,+48 601 977 770,Machine Learning,9
80,Artur,Pochopień,roksana06@example.com,+48 738 762 124,Java,2
81,Tobiasz,Dulas,mikolajewiczsonia@example.com,+48 727 607 883,C#,3
82,Kajetan,Czuj,gajabres@example.org,+48 575 819 228,Unity,8
83,Ernest,Wojtczuk,piotrjoniak@example.com,+48 502 396 281,Python,5
84,Błażej,Komuda,szymaniukkrystyna@example.org,+48 573 127 594,C#,7
85,Jerzy,Gałat,kacper01@example.org,22 691 20 45,Unity,10
86,Fabian,Tarasek,lwejman@example.com,+48 725 150 148,Python,2
87,Nataniel,Szpila,lamentmonika@example.org,578 292 262,Machine Learning,10
88,Inga,Mućka,olga77@example.net,884 046 691,C#,10
89,Klara,Kościk,julian62@example.net,+48 600 737 337,Python,6
90,Marcin,Drożdżal,pierzakada@example.org,+48 727 762 661,Machine Learning,3
91,Józef,Kopyt,ernest64@example.com,570 316 040,C++,6
92,Emil,Krüger,okonrad@example.net,+48 694 334 419,Java,6
93,Alex,Gnyp,jeziorelzbieta@example.org,507 836 340,Java,5
94,Oskar,Gerlach,kornel91@example.com,+48 578 067 270,Java,5
95,Filip,Hermanowicz,emil43@example.org,+48 883 057 362,C#,9
96,Adam,Rezmer,karol51@example.org,783 677 397,Unity,8
97,Przemysław,Zbróg,jozef07@example.com,538 605 046,Unity,9
98,Maurycy,Gal,tadeuszjamrozek@example.com,+48 789 425 667,C++,7
99,Malwina,Prokurat,theczko@example.com,32 878 55 84,Machine Learning,2
100,Róża,Pędzik,ilaszczyk@example.org,22 080 75 30,Java,7
101,Inga,Bernatek,adrianszalata@example.com,+48 509 170 549,C++,1
102,Albert,Komuda,marcel89@example.com,+48 572 990 452,Python,9
103,Artur,Kowara,idajazdzyk@example.com,883 563 283,Unity,1
104,Malwina,Noszczyk,araszkiewiczkamila@example.net,+48 534 530 723,Unity,3
105,Rozalia,Kraszkiewicz,bjazdzyk@example.org,512 723 115,C#,8
106,Nicole,Fechner,daniel75@example.org,603 769 318,Java,7
107,Kacper,Fikus,wiktor38@example.org,604 448 136,Machine Learning,2
108,Piotr,Sommer,aniela84@example.org,+48 796 111 094,Python,8
109,Natasza,Luks,danielrajczak@example.com,695 254 400,Machine Learning,9
110,Dagmara,Durys,cezary39@example.com,+48 22 942 29 94,Machine Learning,6
111,Stefan,Staniczek,ewelina21@example.net,+48 519 572 702,Java,3
112,Gaja,Madziar,kiliszekrozalia@example.net,+48 506 592 522,C#,1
113,Krystian,Brachman,emasiak@example.com,+48 787 617 410,C#,1
114,Lidia,Zawalich,leonardbasista@example.com,+48 606 701 474,C++,9
115,Kajetan,Paw,urszula48@example.net,539 585 676,C++,6
116,Agnieszka,Szymaniuk,tymon78@example.net,608 640 169,Java,5
117,Ida,Malara,iparda@example.com,536 617 276,Python,4
118,Malwina,Grzech,jedrakdorota@example.net,+48 731 874 120,Java,2
119,Tobiasz,Pawełko,leonard45@example.com,692 549 783,Java,6
120,Ewelina,Łukowicz,antonikozuszek@example.org,+48 515 525 051,C#,9
121,Antoni,Druszcz,krzystekpiotr@example.org,+48 512 945 609,Java,8
122,Urszula,Kawulok,julianna20@example.net,+48 692 064 567,Python,6
123,Aurelia,Marach,qkocol@example.org,+48 726 283 660,Java,4
124,Kajetan,Drewa,adam96@example.net,669 820 630,C++,3
125,Adam,Durlik,kupiduranatan@example.com,+48 721 868 196,C++,5
126,Filip,Żołnierczyk,jedrzejlukowiak@example.org,+48 720 636 544,Unity,1
127,Radosław,Haponiuk,weremczukgustaw@example.org,+48 885 071 561,Machine Learning,5
128,Radosław,Kieszek,andrzejliedtke@example.com,537 764 494,Java,3
129,Bartek,Maligłówka,ada60@example.org,734 129 072,Unity,7
130,Julita,Kidoń,adamowfabian@example.com,887 979 445,C#,3
131,Róża,Prasek,bkott@example.com,+48 798 789 258,Machine Learning,4
132,Ada,Migda,cypriankorbut@example.org,509 770 181,Machine Learning,7
133,Jędrzej,Subocz,fjantos@example.org,883 398 826,Java,10
134,Rafał,Łusiak,kazimierz62@example.com,574 729 771,C#,10
135,Konrad,Fiołka,wdej@example.net,784 975 126,C++,9
136,Adrianna,Fedorczyk,ypatola@example.org,737 452 109,C#,3
137,Stefan,Kiełbus,aleksanderkomsta@example.com,+48 602 315 333,Python,4
138,Juliusz,Sobisz,dymarczykgustaw@example.com,+48 605 547 409,Java,9
139,Dariusz,Karsznia,maksymiliankolarz@example.com,535 464 872,C#,6
140,Jeremi,Kunc,aleksanderkurzaj@example.org,+48 576 057 722,C++,8
141,Cyprian,Rosłoń,qpitula@example.com,+48 799 880 160,Machine Learning,7
142,Sonia,Matyjaszek,tmilcarz@example.net,790 165 971,Java,8
143,Borys,Kaluga,rszuta@example.com,732 603 478,Unity,8
144,Kaja,Bartela,filipmartynowicz@example.net,+48 608 912 005,C#,7
145,Anita,Krzeszowiec,fudalejnatasza@example.net,513 070 676,C++,5
146,Agnieszka,Capiga,nicolewosiak@example.org,733 506 367,C++,3
147,Marcelina,Soroko,bartek96@example.com,578 212 613,Python,2
148,Nela,Dargacz,olistwan@example.org,794 631 089,C++,9
149,Błażej,Hermanowicz,myrcikmarcelina@example.net,+48 32 328 83 03,Unity,6
150,Wiktor,Armatys,gpietrusiak@example.org,+48 728 494 090,Java,5
151,Marcin,Futyma,marcinpys@example.org,797 329 810,Java,9
152,Natasza,Przybyś,konstantywojewodzic@example.net,+48 696 317 670,C++,8
153,Andrzej,Macek,tobiaszlaskus@example.net,511 503 653,Machine Learning,2
154,Oliwier,Lulek,natan82@example.com,+48 579 129 945,Python,3
155,Dagmara,Reichel,julian90@example.org,732 031 033,Python,3
156,Sonia,Cetera,szafarzleon@example.org,517 447 331,Machine Learning,10
157,Norbert,Burnat,vszarejko@example.org,+48 606 286 053,C++,8
158,Maurycy,Mzyk,oskarmusiolik@example.org,+48 539 747 696,Java,3
159,Janina,Kożuszek,gpigula@example.net,+48 721 653 986,C#,8
160,Andrzej,Jarczak,antonijarczak@example.org,+48 731 236 627,C#,3
161,Adrianna,Myrcik,bartek17@example.com,+48 539 750 974,Machine Learning,10
162,Anastazja,Ulrych,rykalainga@example.com,572 898 419,Machine Learning,10
163,Inga,Hałat,cezaryjosko@example.org,+48 517 067 547,Python,4
164,Roksana,Księżyk,vgrab@example.com,798 632 498,Machine Learning,4
165,Leonard,Janc,sonia86@example.com,510 857 579,Unity,3
166,Ewelina,Lademann,karol16@example.com,695 531 889,Machine Learning,3
167,Róża,Raźniak,hmuskala@example.com,669 746 569,Machine Learning,8
168,Nikodem,Macheta,naroznyadam@example.com,500 946 426,Java,3
169,Jeremi,Buszkiewicz,ssasak@example.org,510 772 430,C++,6
170,Tymoteusz,Karnas,mandryszblazej@example.com,503 040 405,C++,1
171,Wojciech,Gosik,szwalekmarek@example.org,+48 665 325 524,Unity,7
172,Leonard,Ślimak,duszkiewiczaurelia@example.com,+48 32 626 75 69,Python,8
173,Józef,Masny,konradmyszak@example.org,+48 786 140 980,Java,5
174,Maks,Tarasek,kornelia97@example.net,+48 574 307 828,Machine Learning,10
175,Jacek,Wajdzik,smucka@example.org,691 304 996,Python,2
176,Sara,Chwedoruk,ikuziora@example.org,+48 608 144 816,Unity,10
177,Norbert,Pyc,dpiatkiewicz@example.com,+48 517 023 370,Java,5
178,Grzegorz,Gniewek,fkuczak@example.org,888 304 725,Python,1
179,Anna Maria,Heczko,ulitwiniuk@example.org,+48 668 806 660,Machine Learning,5
180,Marcelina,Strzępek,krzyskowjacek@example.net,+48 532 816 240,C#,1
181,Jan,Stochmal,bekeraleksander@example.net,+48 22 574 08 02,Python,9
182,Sonia,Sędek,makosgaja@example.net,+48 732 213 130,Machine Learning,8
183,Jakub,Monkiewicz,dziudaernest@example.net,694 541 458,Java,1
184,Agnieszka,Bortkiewicz,ipatrzalek@example.org,+48 508 563 866,Machine Learning,4
185,Michał,Piaseczna,majnuszdawid@example.org,664 841 024,C++,5
186,Dawid,Gwara,vkostro@example.org,+48 535 027 747,Java,10
187,Jacek,Kamela,kajetanmadera@example.net,+48 32 362 66 29,Machine Learning,7
188,Tobiasz,Jarkiewicz,tbrudny@example.org,+48 726 985 416,C++,8
189,Julita,Ośko,robert45@example.org,+48 22 978 87 82,Python,5
190,Oskar,Filak,dulembakaja@example.com,662 355 525,Unity,1
191,Gaja,Gołek,maksymilian54@example.com,726 953 758,C#,6
192,Paweł,Kuk,wkurant@example.org,+48 515 154 499,Python,8
193,Cyprian,Szara,fabianfrost@example.net,535 624 415,Java,6
194,Miłosz,Kowara,elzbieta22@example.com,+48 783 133 077,Java,6
195,Damian,Majewicz,szymonciuba@example.com,+48 729 182 490,C++,2
196,Iwo,Gmur,pawellokaj@example.com,+48 501 246 382,Unity,3
197,Anna Maria,Grądziel,ludwinkarol@example.net,+48 721 417 905,Python,9
198,Dominik,Szabla,krystian63@example.org,22 131 26 02,Unity,2
199,Arkadiusz,Stanuch,elzbieta24@example.com,693 521 450,C#,10
200,Bruno,Sąsiadek,olewniczakfabian@example.org,698 863 435,C++,7
