1,Mikołaj,Saczuk,sasiadektomasz@example.net,+48 735 301 182,Machine Learning,8
2,Juliusz,Wołk,gustaw64@example.net,515 236 046,Unity,2
3,Kaja,Dudziec,emil75@example.org,+48 570 864 843,Java,7
4,Aurelia,Polaszek,urszulajanoszka@example.com,+48 724 587 455,C++,3
5,Paweł,Palica,andrzejbojarczuk@example.com,+48 506 915 545,Java,8
6,Mariusz,Sośniak,kamilaotremba@example.org,+48 506 840 916,C++,10
7,Artur,Podeszwa,ukopczyk@example.net,780 837 176,C++,2
8,Jacek,Mysior,epaprotny@example.org,+48 667 831 754,Machine Learning,5
9,Jan,Foremniak,ltymczyszyn@example.net,+48 22 461 74 54,Java,3
10,Leonard,Węgrzyk,gabrielwasyluk@example.net,+48 696 738 235,Machine Learning,4
11,Maks,Cieciura,klarasamiec@example.org,+48 22 279 58 49,C#,10
12,Julianna,Kryk,dariusz54@example.org,697 825 050,C#,3
13,Przemysław,Berg,tola02@example.org,692 008 136,C#,10
14,Malwina,Palonek,celucholga@example.com,886 285 847,C++,7
15,Marianna,Witos,piotrdrej@example.net,+48 697 243 606,Unity,4
16,Marek,Florian,qbros@example.com,+48 502 179 709,Machine Learning,3
17,Kazimierz,Darul,nesterowiczbartek@example.com,22 434 38 57,C++,6
18,Jeremi,Koleśnik,sfrys@example.com,+48 574 950 005,C#,3
19,Natasza,Toczko,rzacapiotr@example.net,+48 697 307 058,Java,3
20,Olaf,Dziurdzia,stanislawwitko@example.net,+48 724 477 025,Python,6
21,Andrzej,Reimann,marcin59@example.com,+48 518 199 936,Python,5
22,Dorota,Oszust,gustawnikolajuk@example.net,888 179 202,Unity,8
23,Bianka,Pasztaleniec,radoslaw65@example.com,889 154 533,C++,3
24,Antoni,Ciaś,patrykkoterba@example.org,662 393 263,C#,2
25,Oskar,Jarema,tmaculewicz@example.org,+48 573 907 478,Java,6
26,Ewelina,Prokopczuk,nikodembandyk@example.org,+48 664 513 881,C#,9
27,Blanka,Krochmal,leonard45@example.org,22 480 54 76,Unity,10
28,Kaja,Chołody,robert80@example.net,+48 697 899 035,Python,6
29,Olaf,Suchojad,lukaszbernatek@example.com,696 081 559,Python,6
30,Oliwier,Nytko,tomasz29@example.net,797 309 270,Unity,5
31,Bianka,Staciwa,bziegler@example.com,+48 32 382 69 43,C#,5
32,Krystian,Kostorz,borysdrozdowicz@example.org,32 121 91 16,C#,1
33,Ksawery,Mytych,brunojaszcz@example.net,739 450 505,Java,1
34,Lidia,Bulak,karczmarzelzbieta@example.com,+48 798 885 523,Machine Learning,10
35,Natasza,Jędruszczak,kotttomasz@example.org,+48 574 274 412,Java,9
36,Mieszko,Bieniak,borysbarczuk@example.com,+48 22 079 39 46,Machine Learning,5
37,Sylwia,Ciesielczyk,ciesielkaewa@example.com,786 337 587,C#,1
38,Olga,Filus,swicgaja@example.org,665 182 406,C#,5
39,Jacek,Bicz,dawidzawalich@example.net,+48 500 799 167,Unity,4
40,Dawid,Mućko,ewelina34@example.org,+48 32 107 18 27,Python,6
41,Albert,Nowotka,hasiakmonika@example.net,734 313 100,Machine Learning,6
42,Oskar,Kocoł,albert59@example.net,+48 781 184 709,C++,1
43,Alex,Bruzda,dawid36@example.org,+48 886 033 069,C#,6
44,Jacek,Duniec,apoloniastaniczek@example.net,539 386 785,Java,7
45,Agnieszka,Szczesiak,nela01@example.com,505 473 270,Java,5
46,Mateusz,Sura,wasaznikaurelia@example.com,692 426 440,Unity,7
47,Maciej,Ofiara,daniel81@example.org,734 247 687,Java,1
48,Filip,Siudek,konradbielat@example.net,+48 724 510 607,Java,7
49,Nataniel,Hapka,ihutnik@example.com,+48 720 307 780,C++,7
50,Konrad,Piguła,kalinamatacz@example.net,+48 607 365 104,Unity,3
51,Ada,Leoniuk,adomurad@example.net,+48 699 671 478,Java,2
52,Fryderyk,Węgrzynowicz,adriansobel@example.net,782 109 211,C#,2
53,Mieszko,Stachelek,julitagarczarek@example.com,798 494 428,C#,1
54,Liwia,Dzierżak,piotr36@example.org,887 135 709,Unity,5
55,Albert,Gros,dudczakmilosz@example.org,885 959 727,C#,4
56,Konstanty,Wacław,urszulapastuszko@example.com,+48 606 185 474,Machine Learning,3
57,Nataniel,Królczyk,adrian78@example.net,+48 727 104 689,Unity,9
58,Błażej,Hanas,mdulemba@example.net,+48 789 812 798,Machine Learning,7
59,Damian,Baum,ignacygryka@example.org,+48 22 571 14 74,Unity,8
60,Kamil,Ferdyn,janinakasperczak@example.org,737 890 474,Java,4
61,Natan,Naglik,cchwedczuk@example.net,530 586 707,C++,5
62,Konstanty,Tofil,natangabka@example.org,+48 32 504 20 67,Unity,9
63,Dorota,Dybiec,olgierdotremba@example.com,696 057 894,Machine Learning,6
64,Piotr,Gęca,ziemkiewiczsylwia@example.com,780 231 608,Python,3
65,Damian,Szatanik,ekrezolek@example.com,32 837 05 73,Java,1
66,Janina,Smagała,nicolepawelkiewicz@example.com,660 288 721,C#,5
67,Cezary,Solnica,lukasz93@example.org,+48 888 581 124,C#,7
68,Alex,Glapiak,kornel07@example.com,+48 513 684 265,Python,7
69,Ewelina,Pajek,jerzy79@example.org,+48 604 050 235,Java,2
70,Fryderyk,Kabala,szlekida@example.net,+48 730 070 420,Python,6
71,Julian,Pawlos,vnagorka@example.net,+48 727 361 387,Java,9
72,Maciej,Larysz,rpindral@example.net,+48 665 248 897,Python,5
73,Anita,Doliwa,jedrzejwieckiewicz@example.org,+48 500 415 335,Java,10
74,Konrad,Szwiec,xmalocha@example.net,+48 736 856 500,C#,2
75,Filip,Luberda,jerzy99@example.org,532 544 079,Java,5
76,Jacek,Czerkies,yzadora@example.com,+48 533 113 749,C#,10
77,Krzysztof,Pawełkiewicz,tlalkaroksana@example.org,+48 787 165 450,Machine Learning,9
78,Alan,Ratka,dariusz09@example.net,603 555 734,Unity,9
79,Blanka,Gabryelczyk,bpastucha@example.com,+48 22 562 97 43,Java,1
80,Tola,Kosak,gustaw46@example.com,787 341 683,C#,5
81,Julianna,Abramczuk,flitewka@example.net,+48 798 478 418,Java,7
82,Dariusz,Wrześniak,bruno47@example.org,+48 539 399 599,C#,5
83,Nela,Mendyka,marek30@example.com,601 685 155,Machine Learning,5
84,Przemysław,Loba,jeremi51@example.org,32 192 05 88,Java,3
85,Gaja,Jałowiec,misztelaigor@example.org,601 313 130,C#,1
86,Roksana,Nabiałek,aleksanderklama@example.org,+48 505 032 840,C++,6
87,Monika,Jaśko,vuzieblo@example.com,783 419 680,Machine Learning,8
88,Eliza,Rysz,aniela35@example.net,737 604 175,Unity,9
89,Dawid,Piłka,cstrojwas@example.com,668 857 681,C++,8
90,Elżbieta,Kalista,ryszard98@example.net,+48 721 234 237,Java,6
91,Agnieszka,Pędrak,ngortat@example.com,+48 881 545 017,C#,2
92,Aniela,Łaskawiec,julitadargacz@example.org,+48 795 257 560,C#,6
93,Oskar,Borkowicz,justynaszkopek@example.org,503 499 283,Java,5
94,Malwina,Ciuk,hslon@example.net,664 822 013,Machine Learning,1
95,Jakub,Blaut,vtadych@example.net,532 009 438,Unity,3
96,Janina,Linkiewicz,fzastawny@example.com,32 346 00 92,Unity,7
97,Filip,Fąferek,marcelinagubernat@example.com,795 472 779,C#,10
98,Łukasz,Thomas,ekycia@example.com,+48 694 520 805,Java,5
99,Cezary,Breś,kwiklo@example.org,514 257 794,C++,7
100,Tymoteusz,Kuświk,owatras@example.net,695 064 417,C++,9
101,Cezary,Szaruga,ssajnog@example.net,+48 501 332 477,Unity,4
102,Lidia,Dulewicz,blazejjop@example.org,+48 602 770 200,C++,10
103,Borys,Uliasz,krystyna92@example.net,691 494 313,Unity,3
104,Tymon,Pierchała,frymusdawid@example.org,+48 889 658 368,Java,3
105,Arkadiusz,Jeżyk,fabian59@example.com,727 089 855,Java,1
106,Natan,Kiełbowicz,cniemczuk@example.com,+48 574 430 237,Java,3
107,Natan,Borysiak,mbulak@example.org,734 188 706,Machine Learning,7
108,Adam,Domińczak,ctoborek@example.org,579 142 261,Unity,5
109,Artur,Tłuczek,sylwiapiskor@example.net,22 001 21 21,Unity,4
110,Agnieszka,Wielgos,ksawerykidawa@example.net,609 668 624,Python,10
111,Kazimierz,Kosiec,szmelterwojciech@example.net,+48 32 562 85 27,C++,8
112,Gaja,Mędrala,damiansztuba@example.com,+48 726 366 507,Java,6
113,Marcin,Kuska,fryderykdaniec@example.net,+48 573 436 991,C++,8
114,Kornel,Franków,nieradkodorota@example.net,+48 532 880 874,Java,6
115,Hubert,Łaszczyk,osinkiewicz@example.com,501 141 637,C#,4
116,Paweł,Działo,filipswigon@example.org,723 111 975,C++,6
117,Ryszard,Jamroz,hamrolmarika@example.net,+48 882 551 067,Java,6
118,Dariusz,Wasiuk,lkasiak@example.org,513 480 687,Python,7
119,Wojciech,Dawidczyk,eryk15@example.org,+48 691 343 371,Python,2
120,Piotr,Mitek,kajaslipek@example.net,+48 511 815 317,C#,6
121,Julita,Łuczyk,gumiennydagmara@example.net,+48 601 180 823,Java,4
122,Miłosz,Cader,marekflorian@example.org,+48 882 921 896,Python,6
123,Mateusz,Budrewicz,qrecko@example.net,503 526 878,C#,3
124,Tymon,Pierzak,slonklara@example.net,517 548 580,Unity,10
125,Juliusz,Wyroślak,qtutka@example.net,22 303 97 91,Machine Learning,8
126,Ada,Baś,fskup@example.net,+48 32 023 81 39,Java,7
127,Marcin,Rozmiarek,trosolek@example.org,+48 574 987 556,C++,2
128,Jacek,Daniec,filippitek@example.net,793 951 146,Unity,3
129,Rafał,Dyszkiewicz,elzbietakruszka@example.com,22 929 80 58,Unity,1
130,Karol,Feliksiak,grocholafryderyk@example.com,+48 22 092 22 93,Machine Learning,6
131,Lidia,Dybaś,skierkatobiasz@example.com,+48 790 917 036,Python,9
132,Bruno,Duszkiewicz,hsobisz@example.org,22 598 79 76,Unity,10
133,Malwina,Dietrich,maurycyochota@example.net,699 372 579,Machine Learning,7
134,Alan,Knych,marcel55@example.org,782 800 152,Unity,6
135,Kornelia,Halik,justynawojton@example.net,663 481 926,C++,10
136,Rozalia,Tabiś,fudalejfryderyk@example.com,+48 537 445 126,Java,5
137,Adrianna,Omiotek,blazejpalac@example.org,+48 574 340 779,Machine Learning,10
138,Michał,Krajniak,grzegorz85@example.com,22 894 29 77,Unity,2
139,Malwina,Rzeźniczak,michalkudela@example.net,+48 789 920 889,Unity,5
140,Olgierd,Godzisz,jmiechowicz@example.org,+48 510 208 854,Java,1
141,Dorota,Rozmiarek,wykretolaf@example.net,794 453 864,Java,2
142,Oskar,Szmelter,bruno82@example.com,+48 888 083 815,Python,5
143,Marika,Pałęga,elzbietaslaba@example.org,+48 663 510 222,C#,9
144,Józef,Srokosz,pilipczukprzemyslaw@example.org,+48 501 368 920,C#,1
145,Liwia,Plebanek,ziarekkamil@example.org,+48 797 460 067,C++,10
146,Róża,Prystupa,herbapawel@example.com,889 362 054,Java,3
147,Kamil,Kwoka,cyrekmateusz@example.net,793 016 325,Unity,3
148,Lidia,Feliksiak,agnieszka33@example.com,792 112 179,C++,8
149,Jędrzej,Bochnak,oskar83@example.org,+48 507 851 916,Java,1
150,Bruno,Bąbel,marianna05@example.org,+48 600 098 139,Unity,8
151,Sara,Brygoła,adrianna68@example.com,666 626 385,C++,1
152,Oliwier,Walus,fwiduch@example.net,+48 537 777 941,Python,10
153,Przemysław,Bittner,ufniarzjustyna@example.org,532 064 974,Java,10
154,Sandra,Kłosiewicz,iankiewicz@example.org,+48 22 137 34 17,Python,1
155,Dominik,Kansy,filip67@example.net,+48 509 327 092,C++,3
156,Eliza,Cheba,palegaanastazja@example.org,+48 788 325 322,Python,10
157,Melania,Franik,gustaw85@example.com,737 839 810,Machine Learning,8
158,Tadeusz,Cieciora,michal10@example.net,+48 722 311 336,Python,4
159,Piotr,Waloszek,dorobekrozalia@example.net,697 532 767,C++,5
160,Blanka,Wójcikiewicz,sobusbartek@example.org,+48 789 539 645,Machine Learning,6
161,Roksana,Migoń,anastazja05@example.org,+48 725 110 299,Python,7
162,Marcin,Smykla,stefan95@example.org,+48 32 265 34 80,Machine Learning,9
163,Jakub,Myszk,inganaczk@example.com,+48 665 516 422,Machine Learning,7
164,Alex,Bulak,xlupina@example.org,794 623 753,Machine Learning,5
165,Eliza,Grodek,elzbietakorkosz@example.org,+48 32 135 19 65,C++,3
166,Oliwier,Jakubiuk,oliwierbilewicz@example.net,889 671 017,Machine Learning,5
167,Wiktor,Hudzik,ytaczala@example.org,+48 664 475 668,Java,9
168,Damian,Fita,radoslaw94@example.org,+48 669 152 632,Unity,1
169,Bruno,Kudlak,piotr96@example.com,+48 662 005 291,Python,2
170,Anastazja,Simon,stanislaw72@example.org,+48 532 690 155,Java,9
171,Daniel,Brzęk,ichaberek@example.net,732 369 772,C++,1
172,Dariusz,Baszak,pawel44@example.org,786 201 549,Unity,3
173,Radosław,Ciuk,marianna02@example.com,+48 784 903 988,Python,5
174,Łukasz,Sulik,vfedyk@example.net,883 313 135,Machine Learning,2
175,Artur,Zięcik,fabianpalac@example.net,+48 737 922 499,Java,7
176,Damian,Milej,konrad25@example.com,502 095 001,C++,8
177,Leonard,Golenia,ingawawszczyk@example.net,22 248 31 76,Unity,7
178,Tola,Prygiel,strzelczakpatryk@example.net,573 530 735,Machine Learning,7
179,Tomasz,Nazarewicz,gajakoscik@example.org,736 266 650,Python,6
180,Bianka,Budzyń,igorkubek@example.org,+48 504 979 784,Machine Learning,3
181,Fryderyk,Kochel,damianbotor@example.org,+48 22 140 87 47,Unity,2
182,Tomasz,Cierpisz,kreciszadrianna@example.com,+48 693 497 015,Python,6
183,Dorota,Block,igrasjulian@example.com,511 025 401,Python,5
184,Cezary,Kurnik,hajdugacyprian@example.net,+48 32 715 41 37,C++,6
185,Wojciech,Kosiec,liwia80@example.org,+48 662 141 461,C++,10
186,Daniel,Nehring,rabaalbert@example.net,+48 604 659 301,C#,5
187,Eliza,Uzar,zygmuntowiczartur@example.com,722 359 655,Java,6
188,Eryk,Hetmańczyk,oskarkurbiel@example.net,+48 883 206 729,Python,9
189,Stanisław,Bejnarowicz,osikjozef@example.com,792 094 489,Java,10
190,Dagmara,Konat,ewelinakarkut@example.net,+48 798 871 934,C#,6
191,Filip,Ślipek,cyprian86@example.org,786 159 936,Unity,3
192,Bruno,Kucz,jedrzej45@example.net,+48 22 819 76 18,Machine Learning,7
193,Maciej,Rudowicz,anna-mariaszuta@example.com,+48 538 706 363,Java,9
194,Natan,Zackiewicz,blankadudziec@example.net,22 238 79 59,C#,3
195,Gustaw,Szlachcic,leonsypula@example.org,508 012 874,Machine Learning,1
196,Inga,Duc,maksymiliangula@example.com,32 823 55 72,C++,10
197,Kazimierz,Rode,gwalentynowicz@example.org,732 927 044,C++,2
198,Bianka,Litwiniuk,artur85@example.net,+48 887 216 698,C++,3
199,Anastazja,Deszcz,mgrabczak@example.org,519 101 484,Unity,6
200,Patryk,Ośka,makielaaniela@example.net,+48 723 611 478,C++,2
201,Eliza,Skiepko,ywypchlo@example.org,+48 579 738 649,C#,3
202,Ada,Bubel,elizaleoniuk@example.org,888 086 856,C#,4
203,Julian,Materek,milejaleks@example.net,+48 795 389 144,Java,6
204,Angelika,Zacharek,bdybiec@example.com,32 184 63 61,C++,5
205,Gustaw,Baumgart,maurycymalisz@example.org,571 525 037,Unity,9
206,Eryk,Harasimiuk,pindorgabriel@example.net,+48 501 578 164,Python,10
207,Urszula,Stochmal,dominikturon@example.org,+48 608 754 468,Unity,1
208,Piotr,Sus,huczkorobert@example.net,662 007 414,Machine Learning,9
209,Jakub,Karaśkiewicz,tkrakowczyk@example.com,692 729 632,Machine Learning,1
210,Jakub,Melcer,witold75@example.com,787 228 333,Python,1
211,Jędrzej,Mitoraj,krauzjacek@example.org,+48 32 973 96 33,Machine Learning,9
212,Fabian,Sysło,jurczukurszula@example.com,+48 534 482 921,Machine Learning,8
213,Sara,Tryka,aurelia08@example.net,789 169 828,Machine Learning,9
214,Julian,Gniewek,swestfal@example.org,+48 531 349 521,C++,9
215,Nela,Samiec,kopiczkomarianna@example.org,+48 887 261 421,C++,1
216,Norbert,Cimoch,copfilip@example.com,+48 787 048 530,C#,4
217,Klara,Zacharek,nela10@example.org,886 616 181,Java,5
218,Norbert,Kawulok,dziezaradoslaw@example.net,+48 32 407 38 86,Java,5
219,Aurelia,Golenia,maks04@example.com,+48 699 881 778,C++,10
220,Stefan,Stoch,witoldfrankowicz@example.org,+48 788 999 533,Machine Learning,4
221,Albert,Siergiej,twardosztola@example.com,697 349 660,C#,5
222,Leon,Gal,kajetannaumiuk@example.org,+48 603 849 176,Python,9
223,Damian,Niesporek,zurawikoskar@example.org,+48 665 446 041,Python,6
224,Piotr,Kajdas,juliannawaniek@example.com,+48 889 518 127,C#,6
225,Gustaw,Rogacz,cichjerzy@example.org,533 805 187,Python,4
226,Aleks,Banyś,daniel99@example.org,+48 32 838 03 70,Java,5
227,Tola,Greszta,zachliwia@example.net,530 681 735,Java,7
228,Fryderyk,Karczmarz,kciolczyk@example.com,32 707 36 89,C#,6
229,Krzysztof,Bawoł,slebiodawojciech@example.net,22 282 78 55,C++,9
230,Antoni,Boryczko,hubert48@example.net,603 126 715,C#,2
231,Oskar,Płaneta,olafwojniak@example.org,+48 571 018 836,Unity,7
232,Dariusz,Pokusa,juliusz57@example.net,605 534 706,C++,6
233,Leonard,Żółkiewicz,gmularz@example.net,+48 608 292 562,C++,3
234,Inga,Berdzik,vpawliczak@example.com,882 978 131,Unity,6
235,Tymoteusz,Tłuczek,adrian18@example.com,+48 787 249 450,C++,2
236,Krzysztof,Dycha,fabian70@example.net,736 800 731,Python,8
237,Iwo,Kowala,witold36@example.net,22 491 33 54,Unity,4
238,Norbert,Apanowicz,damianpowalka@example.com,693 933 299,C++,4
239,Kamil,Banek,olyczek@example.net,+48 736 118 234,Python,7
240,Przemysław,Elwart,stefangrzech@example.com,+48 601 734 451,Unity,10
241,Przemysław,Kapuścik,obojarczuk@example.net,+48 730 657 471,Java,9
242,Jan,Jarosiewicz,tatarczuktomasz@example.org,+48 798 099 063,C++,5
243,Cyprian,Horbacz,madrzykignacy@example.org,667 866 055,C++,9
244,Leon,Piesik,dkucz@example.org,532 251 723,Python,2
245,Rafał,Szarzec,ernest04@example.org,661 460 844,C++,5
246,Julianna,Młyńczyk,ataranek@example.net,+48 513 350 985,C++,9
247,Leon,Skoneczna,mazepajedrzej@example.net,+48 600 331 189,Machine Learning,2
248,Leon,Byra,malwinaplak@example.org,+48 513 834 417,Python,6
249,Dawid,Poniedziałek,kurzaurelia@example.net,663 813 645,Java,6
250,Klara,Seweryniak,maciejduzy@example.com,+48 22 576 86 84,C#,3
