1,Olaf,Cieplucha,kryzamarika@example.net,+48 665 718 936,C#,9
2,Dagmara,Kłósek,mieszko17@example.com,575 113 903,Machine Learning,2
3,Damian,Bakun,maciejkosznik@example.com,722 829 006,C#,1
4,Krystyna,Kuboń,parusmilosz@example.net,534 340 887,Python,2
5,Przemysław,Łapacz,sandratomalak@example.org,691 490 763,Java,5
6,Igor,Wiatrak,starekjerzy@example.org,510 876 668,Python,6
7,Adrianna,Pinda,dawidszymanczak@example.org,531 604 669,C#,5
8,Melania,Zielke,patrykfleszar@example.com,734 216 249,C++,8
9,Maks,Kulisz,gabriel85@example.com,733 780 858,Unity,7
10,Melania,Nicewicz,cezarypawelko@example.net,+48 792 543 285,Machine Learning,2
11,Dariusz,Sprawka,mjas@example.net,+48 538 030 325,Java,4
12,Roksana,Borkiewicz,piotrgrygorcewicz@example.org,786 139 059,Python,3
13,Arkadiusz,Kalota,wfras@example.net,+48 22 137 44 13,Java,3
14,Przemysław,Kiljan,xlewko@example.net,+48 884 909 229,Python,5
15,Gaja,Lepka,anielabasak@example.net,+48 32 654 17 66,Java,5
16,Kaja,Słowiak,oliwier81@example.com,+48 22 683 23 29,Java,3
17,Michał,Ważna,zszybiak@example.com,+48 32 671 98 26,Machine Learning,6
18,Angelika,Toma,byraeryk@example.org,+48 668 446 894,C#,7
19,Sandra,Bochnia,janina97@example.com,693 667 064,Java,9
20,Inga,Bednarowicz,witoldmokwa@example.com,+48 536 804 080,Python,3
21,Stefan,Kośnik,huczkonikodem@example.org,792 411 225,Machine Learning,10
22,Sylwia,Rolak,gmalcher@example.org,+48 571 360 372,Python,10
23,Wiktor,Grądziel,tomaszfaltyn@example.com,+48 889 718 327,Machine Learning,6
24,Franciszek,Łakota,warychgustaw@example.org,737 448 713,Java,4
25,Blanka,Gryga,krekorajacek@example.net,+48 22 539 90 06,C#,10
26,Emil,Czuryło,klaranazarewicz@example.net,536 101 384,Unity,6
27,Konstanty,Świerad,iswatek@example.net,+48 781 475 344,C#,8
28,Krystyna,Tytko,marcelkuza@example.net,+48 739 551 516,Python,1
29,Witold,Nagórka,kornelia16@example.org,534 530 314,C#,9
30,Aleks,Solarek,stochelolaf@example.org,501 087 717,Unity,4
31,Wiktor,Bartoszak,tczerniec@example.org,517 673 326,Python,1
32,Klara,Maraszek,nicole57@example.net,32 183 84 83,Unity,3
33,Mariusz,Chmielak,erzeszut@example.org,+48 32 485 18 55,Java,4
34,Kornel,Knych,leonorkisz@example.com,+48 730 401 896,C#,8
35,Miłosz,Kretek,maciej98@example.com,+48 601 040 573,Unity,1
36,Szymon,Zwara,ucierpka@example.net,+48 503 482 453,Machine Learning,8
37,Andrzej,Turlej,woleksiuk@example.com,+48 786 386 017,Unity,5
38,Konrad,Koczy,oleszkogrzegorz@example.net,793 746 542,Machine Learning,8
39,Aniela,Węgrzyk,jedrzej40@example.net,536 980 490,C#,10
40,Artur,Hadaś,cwieja@example.com,+48 517 760 524,Machine Learning,7
41,Sebastian,Kielich,zszpala@example.net,22 496 49 33,Machine Learning,1
42,Antoni,Śmieszek,waszczykfabian@example.net,500 150 272,C#,7
43,Gabriel,Dumała,nicewiczkonrad@example.org,796 313 032,C#,1
44,Janina,Sopata,jrobaszkiewicz@example.com,+48 698 026 210,Python,3
45,Cyprian,Knysak,urasala@example.net,+48 22 608 50 58,Java,4
46,Liwia,Wacławiak,kajetan77@example.org,32 064 93 59,Java,7
47,Apolonia,Pal,czubajnicole@example.net,514 637 054,Machine Learning,7
48,Grzegorz,Wołk,chadam@example.com,664 052 262,Unity,8
49,Ksawery,Kwapis,musialablanka@example.net,604 664 269,Java,4
50,Jan,Palica,malwina24@example.net,505 849 006,Unity,3
51,Apolonia,Sołtan,wielgomarcel@example.net,+48 724 758 670,Unity,5
52,Natasza,Pasierbek,vnazarewicz@example.org,+48 738 623 451,Java,6
53,Melania,Frydrychowicz,osloka@example.net,609 913 209,C#,8
54,Wojciech,Kosak,michal72@example.org,+48 530 211 143,C++,10
55,Leon,Ziniewicz,wgoliasz@example.com,+48 505 246 109,Java,10
56,Janina,Wikło,hubertgustaw@example.com,+48 532 489 176,Python,2
57,Ignacy,Łuczka,fryderyk53@example.org,+48 661 071 685,C#,5
58,Ewelina,Jaracz,gkretek@example.net,+48 730 455 016,C#,5
59,Ewa,Gotfryd,edrynda@example.org,22 755 08 71,Machine Learning,5
60,Jacek,Salomon,nbastek@example.com,793 199 207,Machine Learning,7
61,Lidia,Lepka,drajtar@example.org,+48 668 767 152,Python,8
62,Mieszko,Zmyślony,rsieg@example.org,+48 790 862 203,Unity,8
63,Kazimierz,Koczara,irej@example.net,662 654 094,Java,6
64,Sebastian,Wojtalik,glapiakmaurycy@example.com,+48 575 937 066,C++,6
65,Hubert,Szara,dorota68@example.com,+48 787 251 307,Machine Learning,8
66,Kamila,Wałęsa,aleks88@example.net,739 610 711,Machine Learning,2
67,Róża,Ścibior,tymon54@example.com,22 479 99 48,C++,4
68,Piotr,Zbróg,kowalajacek@example.org,+48 22 126 04 76,Unity,2
69,Konstanty,Mokwa,rafal42@example.net,+48 534 017 300,C++,5
70,Jeremi,Jędruch,inga67@example.net,+48 22 250 40 32,Machine Learning,4
71,Apolonia,Korda,marcel68@example.com,798 565 529,C++,4
72,Karina,Rosada,bartek56@example.com,739 823 976,Unity,8
73,Krystian,Pietrewicz,nicole99@example.com,881 833 620,C#,5
74,Sebastian,Duniec,cwesola@example.com,733 924 545,Python,5
75,Dagmara,Karpeta,maziarczykaleksander@example.net,+48 781 435 424,Java,2
76,Paweł,Litwa,norbertlato@example.net,+48 787 169 425,Machine Learning,7
77,Piotr,Banak,tymoteuszostasz@example.com,+48 511 838 419,Java,1
78,Julianna,Sacharczuk,vkiwior@example.net,+48 576 667 761,Unity,9
79,Ewa,Miękus,ernestkidawa@example.org,+48 22 566 90 92,Java,2
80,Emil,Wołkowicz,damianjazdzyk@example.com,573 068 180,Machine Learning,1
81,Bruno,Szumny,filipleks@example.net,+48 795 454 554,C#,5
82,Norbert,Ludwik,maksymilianmartin@example.com,+48 698 009 201,C#,10
83,Oliwier,Fidura,ysarosiek@example.com,+48 22 456 75 74,Machine Learning,2
84,Anita,Szymaniuk,amaciejewicz@example.org,500 435 109,Machine Learning,9
85,Jan,Hanusiak,dorotahan@example.org,609 301 561,Unity,2
86,Paweł,Dyjas,krystynagoral@example.net,+48 697 378 801,C#,10
87,Natan,Młyńczyk,konrad65@example.org,513 890 372,Python,2
88,Konrad,Skałka,siwczakleonard@example.net,532 206 135,Unity,10
89,Krystian,Zawalich,ubrachaczek@example.org,+48 600 261 205,Unity,6
90,Malwina,Sado,malwina84@example.org,+48 794 479 188,Unity,3
91,Juliusz,Krefta,bogutakaja@example.net,534 803 303,C#,10
92,Kaja,Kosowicz,fabiansobkow@example.net,607 864 623,Python,1
93,Marek,Gierak,drobnikadam@example.net,+48 665 565 638,Java,9
94,Jerzy,Tuzimek,pawelaalex@example.net,+48 22 615 26 34,Machine Learning,4
95,Anastazja,Panasewicz,gsyslo@example.org,+48 607 031 005,Java,8
96,Dominik,Kuster,piotrkowiczoskar@example.com,699 177 017,Java,9
97,Mieszko,Waluk,lidia44@example.net,+48 887 181 714,Machine Learning,7
98,Natan,Kaczmar,norbert03@example.com,+48 728 676 702,Machine Learning,7
99,Ewelina,Janduła,turlejbianka@example.org,+48 699 062 589,C++,6
100,Robert,Wołos,gabriel69@example.net,+48 885 665 660,Java,3
101,Emil,Pietrewicz,adrian74@example.com,513 276 729,C++,4
102,Ewa,Ślebioda,kacper48@example.net,+48 663 389 229,C#,8
103,Rafał,Gustaw,antonistuglik@example.org,+48 667 344 017,Java,9
104,Gustaw,Gruszczyk,ryszardstarek@example.com,785 607 046,Python,8
105,Kazimierz,Szymała,kornelkukier@example.net,515 590 111,Java,5
106,Cezary,Szmaj,agnieszka16@example.net,601 105 115,C#,6
107,Blanka,Jewuła,njarosik@example.com,+48 790 042 245,Unity,8
108,Mieszko,Makar,grzegorz67@example.net,+48 694 851 365,Machine Learning,7
109,Ida,Kmak,dsupernak@example.net,503 756 352,C++,2
110,Borys,Wosiek,cieplasandra@example.net,539 766 611,C#,6
111,Radosław,Kreczmer,krystianslabosz@example.net,22 889 47 54,C#,1
112,Dagmara,Wałaszek,fedykalex@example.org,+48 795 611 284,Machine Learning,1
113,Ida,Raczkiewicz,kwaksonia@example.net,32 662 91 18,Machine Learning,7
114,Leon,Bąbel,tarasekbartek@example.net,+48 22 781 42 70,Unity,8
115,Dawid,Nóżka,yklos@example.org,+48 887 638 362,Java,5
116,Marcel,Potoczna,kochanowiczmieszko@example.org,797 294 272,Unity,6
117,Eliza,Sypień,twojs@example.net,536 206 883,Python,1
118,Witold,Komander,rebistymoteusz@example.org,502 563 149,Machine Learning,9
119,Marcin,Zacharek,mikolajwawryniuk@example.com,724 939 633,C++,10
120,Nicole,Noszczyk,igor56@example.net,+48 507 365 041,Unity,2
121,Iwo,Gryga,marikakielbus@example.net,730 190 811,C++,9
122,Marek,Piskor,pompablazej@example.net,+48 665 341 176,C#,5
123,Iwo,Hampel,czuprynpiotr@example.com,+48 782 960 337,Unity,2
124,Stefan,Gryszkiewicz,xkubisz@example.org,+48 578 307 254,Unity,2
125,Jerzy,Flisek,gabrieldworczak@example.org,+48 881 607 799,C#,1
126,Bianka,Kupś,skwirajulianna@example.net,+48 518 945 015,Unity,4
127,Lidia,Siemion,ewa63@example.org,506 688 997,C#,9
128,Karina,Sieja,krystian29@example.com,+48 669 238 149,C++,4
129,Aniela,Rychel,jerzy54@example.net,+48 732 349 774,Machine Learning,8
130,Robert,Stawinoga,kosciknicole@example.org,530 933 350,Machine Learning,8
131,Dagmara,Kunert,michal63@example.com,661 567 803,Unity,6
132,Ryszard,Paliga,szkopekkrystyna@example.com,+48 578 300 212,C#,1
133,Róża,Lewicz,szymanikjanina@example.com,+48 692 052 654,C#,4
134,Maksymilian,Szwałek,bejnarowiczliwia@example.net,32 963 97 29,C#,10
135,Aniela,Pielka,xwojtunik@example.com,+48 793 744 195,C++,1
136,Arkadiusz,Pietrek,nikodem96@example.com,+48 720 850 264,Java,4
137,Bianka,Ładziak,wiktor93@example.net,727 764 824,C++,5
138,Aleks,Lica,kpikor@example.com,664 498 872,Java,3
139,Dawid,Hanus,dawiddytrych@example.net,663 714 489,Machine Learning,8
140,Emil,Apostel,jeszkesebastian@example.com,602 606 861,Machine Learning,8
141,Ewelina,Pazera,straszakdagmara@example.org,578 781 134,Java,1
142,Paweł,Poleszak,wiktorpaw@example.com,+48 882 995 107,Unity,7
143,Tomasz,Maślach,stefanograbek@example.org,+48 32 336 52 19,C#,8
144,Elżbieta,Kieszek,mikolajbrodka@example.org,726 280 061,Java,2
145,Klara,Celuch,fbryczek@example.com,+48 660 057 706,Java,4
146,Aurelia,Fiutak,kolkamilosz@example.net,736 594 371,Java,7
147,Wojciech,Stój,pawlosszymon@example.org,507 003 868,C++,6
148,Leonard,Wojtak,kazimierz29@example.com,22 867 53 57,C++,8
149,Sandra,Senger,antonibetka@example.org,530 118 643,Machine Learning,5
150,Ada,Melcer,sandra07@example.net,786 842 924,Unity,3
151,Wojciech,Ziarek,fryderyk18@example.net,600 217 484,Machine Learning,7
152,Maksymilian,Pasztaleniec,mudlaffinga@example.org,+48 22 907 57 38,Java,9
153,Kamila,Galica,glula@example.org,22 887 47 69,C#,9
154,Kajetan,Cacko,whudzik@example.org,+48 691 056 024,Unity,2
155,Maks,Siejak,bandrejczuk@example.net,798 515 992,C#,6
156,Jacek,Bubak,nataniel60@example.org,694 076 954,Python,7
157,Damian,Michniak,zwojtalik@example.com,+48 797 268 858,C++,10
158,Eliza,Dobosiewicz,ksawery08@example.org,+48 727 722 281,Python,10
159,Konrad,Stróż,emajak@example.net,32 505 68 04,Java,10
160,Arkadiusz,Bak,oliwierjerzyk@example.com,+48 600 809 031,Java,1
161,Ryszard,Jarosiewicz,pawelkiewiczmilosz@example.org,+48 692 460 827,Java,6
162,Nela,Mały,xbielen@example.net,+48 691 219 138,Machine Learning,3
163,Kaja,Cegła,stefanfal@example.org,507 486 683,Machine Learning,6
164,Eliza,Wawrzyn,wiaderekmaurycy@example.net,22 685 85 85,Machine Learning,3
165,Alex,Fraś,biankalakota@example.net,692 230 271,Python,2
166,Arkadiusz,Kucharz,antoni15@example.org,+48 22 458 98 33,Unity,4
167,Julian,Nurek,llorens@example.net,723 486 498,Machine Learning,7
168,Antoni,Barłóg,xmisiaszek@example.com,785 361 111,Python,9
169,Ryszard,Warmuz,rezmerjustyna@example.org,793 363 867,C++,5
170,Kacper,Ziegert,lwyderka@example.net,661 732 495,Machine Learning,6
171,Ada,Iskierka,filipdlubak@example.org,22 517 68 31,Unity,3
172,Natasza,Dziedzina,martinaleksander@example.com,575 096 171,Python,6
173,Damian,Litwa,jaremawiktor@example.com,+48 503 865 813,Unity,1
174,Jacek,Słobodzian,mikitaroksana@example.com,32 254 54 38,Java,2
175,Tomasz,Ulfik,gustaw76@example.org,501 394 331,C#,6
176,Marcelina,Patyna,kaja13@example.com,731 865 839,Python,3
177,Anastazja,Buś,ernest31@example.com,880 870 534,Machine Learning,8
178,Ida,Widuch,niesciorukroksana@example.com,734 760 773,Java,6
179,Franciszek,Czulak,pniewiara@example.com,601 839 891,Machine Learning,6
180,Juliusz,Samol,onazimek@example.org,721 740 317,Python,9
181,Kamila,Osiadacz,lbejger@example.net,+48 22 209 48 86,Java,10
182,Fabian,Kłysz,marekjozwik@example.net,699 874 305,Machine Learning,7
183,Eliza,Drabczyk,mieszko37@example.com,+48 513 595 073,Python,6
184,Piotr,Wojtczuk,blazej60@example.net,+48 32 175 45 11,C#,2
185,Kornelia,Hasiak,kalina92@example.net,786 590 798,Python,7
186,Ada,Kurz,vniedojadlo@example.org,+48 727 469 216,Unity,2
187,Agnieszka,Bujko,aleksandermilej@example.com,792 002 622,C#,4
188,Jacek,Pospiech,tlulek@example.net,799 456 655,Python,7
189,Janina,Wittbrodt,marikalison@example.org,882 074 694,C#,7
190,Inga,Igras,tchromy@example.net,+48 505 751 079,Java,6
191,Nataniel,Wołodźko,banyradoslaw@example.net,889 816 393,Java,9
192,Ksawery,Ławniczek,bruno82@example.com,727 812 185,C++,9
193,Kamil,Roda,rhankiewicz@example.net,690 154 472,C#,9
194,Monika,Górkiewicz,pawel88@example.org,+48 734 062 522,Java,2
195,Robert,Jewuła,kciecko@example.org,513 308 397,Machine Learning,9
196,Artur,Giezek,nela66@example.com,+48 22 516 93 08,C#,5
197,Aniela,Hołubowicz,karkuttomasz@example.com,502 827 624,C#,5
198,Damian,Kozłowicz,afiolka@example.net,782 791 061,Python,2
199,Grzegorz,Cabała,malwinabasa@example.org,+48 32 730 78 10,Unity,6
200,Marcin,Milka,hyzyfryderyk@example.org,22 369 85 88,Java,6
